
-- races

CREATE TABLE races (
	id INTEGER PRIMARY KEY AUTOINCREMENT,
	code VARCHAR(20) NOT NULL,
	name VARCHAR(25) NOT NULL,
	UNIQUE (code)
);

INSERT INTO races (id, code, name) VALUES
(1, 'humans', 'Humains'),
(2, 'nightelfs', 'Elfes de la nuit'),
(3, 'orcs', 'Orcs'),
(4, 'undeads', 'Morts vivants'),
(5, 'neutrals', 'Neutres');

-- actions_types

CREATE TABLE actions_types (
  id INTEGER PRIMARY KEY AUTOINCREMENT,
  code VARCHAR(20) NOT NULL,
  name VARCHAR(25) NOT NULL,
  UNIQUE (code)
);

INSERT INTO actions_types (id, code, name) VALUES
(1, 'ready', 'Prêt !'),
(2, 'warcry', 'Cri de guerre'),
(3, 'what', 'What ?'),
(4, 'yes', 'Oui ?'),
(5, 'attack', 'Attaque'),
(6, 'fun', 'Fun'),
(7, 'death', 'Mort');

-- warnings_types

CREATE TABLE warnings_types (
  id INTEGER PRIMARY KEY AUTOINCREMENT,
  code VARCHAR(20) NOT NULL,
  name VARCHAR(25) NOT NULL,
  UNIQUE (code)
);

INSERT INTO warnings_types (id, code, name) VALUES
(1, 'cannotbuildthere', 'cannotbuildthere'),
(2, 'goldminelow', 'goldminelow'),
(3, 'goldminecollapsed', 'goldminecollapsed'),
(4, 'nofood', 'nofood'),
(5, 'noenergy', 'noenergy'),
(6, 'nogold', 'nogold'),
(7, 'nolumber', 'nolumber'),
(8, 'inventoryfull', 'inventoryfull'),
(9, 'townattack', 'townattack'),
(10, 'unitattack', 'unitattack'),
(11, 'herodies', 'herodies'),
(12, 'allytownattack', 'allytownattack'),
(13, 'allyattack', 'allyattack'),
(14, 'allyherodies', 'allyherodies'),
(15, 'buildingcomplete', 'buildingcomplete'),
(16, 'upgradecomplete', 'upgradecomplete'),
(17, 'researchcomplete', 'researchcomplete'),
(18, 'placedoffblight', 'placedoffblight'),
(19, 'mining', 'mining');

-- musics

CREATE TABLE musics (
  id INTEGER PRIMARY KEY AUTOINCREMENT,
  k_race INTEGER NOT NULL,
  code varchar(20) NOT NULL,
  name varchar(25) NOT NULL,
  file varchar(50) NOT NULL,
  UNIQUE (k_race, code),
  FOREIGN KEY (k_race) REFERENCES races (id) ON DELETE CASCADE ON UPDATE CASCADE
);

INSERT INTO musics (k_race, code, name, file) VALUES
(1, 'theme1', 'Thème 1', 'humans_theme1.mp3'),
(1, 'theme2', 'Thème 2', 'humans_theme2.mp3'),
(1, 'theme3', 'Thème 3', 'humans_theme3.mp3'),
(1, 'defeat', 'Défaite', 'humans_defeat.mp3'),
(1, 'victory', 'Victoire', 'humans_victory.mp3'),
(2, 'theme1', 'Thème 1', 'nightelfs_theme1.mp3'),
(2, 'theme2', 'Thème 2', 'nightelfs_theme2.mp3'),
(2, 'theme3', 'Thème 3', 'nightelfs_theme3.mp3'),
(2, 'defeat', 'Défaite', 'nightelfs_defeat.mp3'),
(2, 'victory', 'Victoire', 'nightelfs_victory.mp3'),
(3, 'theme1', 'Thème 1', 'orcs_theme1.mp3'),
(3, 'theme2', 'Thème 2', 'orcs_theme2.mp3'),
(3, 'theme3', 'Thème 3', 'orcs_theme3.mp3'),
(3, 'defeat', 'Défaite', 'orcs_defeat.mp3'),
(3, 'victory', 'Victoire', 'orcs_victory.mp3'),
(4, 'theme1', 'Thème 1', 'undeads_theme1.mp3'),
(4, 'theme2', 'Thème 2', 'undeads_theme2.mp3'),
(4, 'theme3', 'Thème 3', 'undeads_theme3.mp3'),
(4, 'defeat', 'Défaite', 'undeads_defeat.mp3'),
(4, 'victory', 'Victoire', 'undeads_victory.mp3');

-- warnings

CREATE TABLE warnings (
  id INTEGER PRIMARY KEY AUTOINCREMENT,
  k_race INTEGER NOT NULL,
  k_warning_type INTEGER NOT NULL,
  code varchar(20) NOT NULL,
  name varchar(25) NOT NULL,
  file varchar(50) NOT NULL,
  UNIQUE (k_race, code),
  FOREIGN KEY (k_race) REFERENCES races (id) ON DELETE CASCADE ON UPDATE CASCADE,
  FOREIGN KEY (k_warning_type) REFERENCES warnings_types (id) ON DELETE CASCADE ON UPDATE CASCADE
);

INSERT INTO warnings (k_race, k_warning_type, code, name, file) VALUES
(1, 1, 'cannotbuildthere', 'cannotbuildthere', '/sounds/humans/warnings/cannotbuildthere.mp3'),
(1, 2, 'goldminelow', 'goldminelow', '/sounds/humans/warnings/goldminelow.mp3'),
(1, 3, 'goldminecollapsed', 'goldminecollapsed', '/sounds/humans/warnings/goldminecollapsed.mp3'),
(1, 4, 'nofood', 'nofood', '/sounds/humans/warnings/nofood.mp3'),
(1, 5, 'noenergy', 'noenergy', '/sounds/humans/warnings/noenergy.mp3'),
(1, 6, 'nogold', 'nogold', '/sounds/humans/warnings/nogold.mp3'),
(1, 7, 'nolumber', 'nolumber', '/sounds/humans/warnings/nolumber.mp3'),
(1, 8, 'inventoryfull', 'inventoryfull', '/sounds/humans/warnings/inventoryfull.mp3'),
(1, 9, 'townattack', 'townattack', '/sounds/humans/warnings/townattack.mp3'),
(1, 10, 'unitattack', 'unitattack', '/sounds/humans/warnings/unitattack.mp3'),
(1, 11, 'herodies', 'herodies', '/sounds/humans/warnings/herodies.mp3'),
(1, 12, 'allytownattack', 'allytownattack', '/sounds/humans/warnings/allytownattack.mp3'),
(1, 13, 'allyattack', 'Notre allié est attaqué !', '/sounds/humans/warnings/allyattack.mp3'),
(1, 14, 'allyherodies', 'allyherodies', '/sounds/humans/warnings/allyherodies.mp3'),
(1, 15, 'buildingcomplete', 'buildingcomplete', '/sounds/humans/warnings/buildingcomplete.mp3'),
(1, 16, 'upgradecomplete', 'upgradecomplete', '/sounds/humans/warnings/upgradecomplete.mp3'),
(1, 17, 'researchcomplete', 'researchcomplete', '/sounds/humans/warnings/researchcomplete.mp3'),
(2, 1, 'cannotbuildthere', 'Impossible de construire ici.', '/sounds/nightelfs/warnings/cannotbuildthere.mp3'),
(2, 2, 'goldminelow', 'goldminelow', '/sounds/nightelfs/warnings/goldminelow.mp3'),
(2, 3, 'goldminecollapsed', 'goldminecollapsed', '/sounds/nightelfs/warnings/goldminecollapsed.mp3'),
(2, 4, 'nofood', 'nofood', '/sounds/nightelfs/warnings/nofood.mp3'),
(2, 5, 'noenergy', 'noenergy', '/sounds/nightelfs/warnings/noenergy.mp3'),
(2, 6, 'nogold', 'nogold', '/sounds/nightelfs/warnings/nogold.mp3'),
(2, 7, 'nolumber', 'nolumber', '/sounds/nightelfs/warnings/nolumber.mp3'),
(2, 8, 'inventoryfull', 'inventoryfull', '/sounds/nightelfs/warnings/inventoryfull.mp3'),
(2, 9, 'townattack', 'townattack', '/sounds/nightelfs/warnings/townattack.mp3'),
(2, 10, 'unitattack', 'unitattack', '/sounds/nightelfs/warnings/unitattack.mp3'),
(2, 11, 'herodies', 'herodies', '/sounds/nightelfs/warnings/herodies.mp3'),
(2, 12, 'allytownattack', 'La ville de notre allié a besoin de nous !', '/sounds/nightelfs/warnings/allytownattack.mp3'),
(2, 13, 'allyattack', 'Nous devons aider nos alliés !', '/sounds/nightelfs/warnings/allyattack.mp3'),
(2, 14, 'allyherodies', 'Un champion allié est tombé !', '/sounds/nightelfs/warnings/allyherodies.mp3'),
(2, 15, 'buildingcomplete', 'Bâtiment construit.', '/sounds/nightelfs/warnings/buildingcomplete.mp3'),
(2, 16, 'upgradecomplete', 'upgradecomplete', '/sounds/nightelfs/warnings/upgradecomplete.mp3'),
(2, 17, 'researchcomplete', 'researchcomplete', '/sounds/nightelfs/warnings/researchcomplete.mp3'),
(3, 1, 'cannotbuildthere', 'cannotbuildthere', '/sounds/orcs/warnings/cannotbuildthere.mp3'),
(3, 2, 'goldminelow', 'goldminelow', '/sounds/orcs/warnings/goldminelow.mp3'),
(3, 3, 'goldminecollapsed', 'goldminecollapsed', '/sounds/orcs/warnings/goldminecollapsed.mp3'),
(3, 4, 'nofood', 'nofood', '/sounds/orcs/warnings/nofood.mp3'),
(3, 5, 'noenergy', 'noenergy', '/sounds/orcs/warnings/noenergy.mp3'),
(3, 6, 'nogold', 'nogold', '/sounds/orcs/warnings/nogold.mp3'),
(3, 7, 'nolumber', 'nolumber', '/sounds/orcs/warnings/nolumber.mp3'),
(3, 8, 'inventoryfull', 'inventoryfull', '/sounds/orcs/warnings/inventoryfull.mp3'),
(3, 9, 'townattack', 'townattack', '/sounds/orcs/warnings/townattack.mp3'),
(3, 10, 'unitattack', 'unitattack', '/sounds/orcs/warnings/unitattack.mp3'),
(3, 11, 'herodies', 'herodies', '/sounds/orcs/warnings/herodies.mp3'),
(3, 12, 'allytownattack', 'allytownattack', '/sounds/orcs/warnings/allytownattack.mp3'),
(3, 13, 'allyattack', 'allyattack', '/sounds/orcs/warnings/allyattack.mp3'),
(3, 14, 'allyherodies', 'allyherodies', '/sounds/orcs/warnings/allyherodies.mp3'),
(3, 15, 'buildingcomplete', 'buildingcomplete', '/sounds/orcs/warnings/buildingcomplete.mp3'),
(3, 16, 'upgradecomplete', 'upgradecomplete', '/sounds/orcs/warnings/upgradecomplete.mp3'),
(3, 17, 'researchcomplete', 'researchcomplete', '/sounds/orcs/warnings/researchcomplete.mp3'),
(4, 1, 'cannotbuildthere', 'cannotbuildthere', '/sounds/undeads/warnings/cannotbuildthere.mp3'),
(4, 2, 'goldminelow', 'goldminelow', '/sounds/undeads/warnings/goldminelow.mp3'),
(4, 3, 'goldminecollapsed', 'goldminecollapsed', '/sounds/undeads/warnings/goldminecollapsed.mp3'),
(4, 4, 'nofood', 'nofood', '/sounds/undeads/warnings/nofood.mp3'),
(4, 5, 'noenergy', 'noenergy', '/sounds/undeads/warnings/noenergy.mp3'),
(4, 6, 'nogold', 'nogold', '/sounds/undeads/warnings/nogold.mp3'),
(4, 7, 'nolumber', 'nolumber', '/sounds/undeads/warnings/nolumber.mp3'),
(4, 8, 'inventoryfull', 'inventoryfull', '/sounds/undeads/warnings/inventoryfull.mp3'),
(4, 9, 'townattack', 'townattack', '/sounds/undeads/warnings/townattack.mp3'),
(4, 10, 'unitattack', 'unitattack', '/sounds/undeads/warnings/unitattack.mp3'),
(4, 11, 'herodies', 'herodies', '/sounds/undeads/warnings/herodies.mp3'),
(4, 12, 'allytownattack', 'allytownattack', '/sounds/undeads/warnings/allytownattack.mp3'),
(4, 13, 'allyattack', 'allyattack', '/sounds/undeads/warnings/allyattack.mp3'),
(4, 14, 'allyherodies', 'allyherodies', '/sounds/undeads/warnings/allyherodies.mp3'),
(4, 15, 'buildingcomplete', 'buildingcomplete', '/sounds/undeads/warnings/buildingcomplete.mp3'),
(4, 16, 'upgradecomplete', 'upgradecomplete', '/sounds/undeads/warnings/upgradecomplete.mp3'),
(4, 17, 'researchcomplete', 'researchcomplete', '/sounds/undeads/warnings/researchcomplete.mp3'),
(4, 18, 'placedoffblight', 'placedoffblight', '/sounds/undeads/warnings/placedoffblight.mp3'),
(4, 19, 'mining', 'mining', '/sounds/undeads/warnings/mining.mp3'),
(5, 1, 'cannotbuildthere', 'cannotbuildthere', '/sounds/neutrals/warnings/cannotbuildthere.mp3'),
(5, 2, 'goldminelow', 'goldminelow', '/sounds/neutrals/warnings/goldminelow.mp3'),
(5, 3, 'goldminecollapsed', 'goldminecollapsed', '/sounds/neutrals/warnings/goldminecollapsed.mp3'),
(5, 4, 'nofood', 'nofood', '/sounds/neutrals/warnings/nofood.mp3'),
(5, 5, 'noenergy', 'noenergy', '/sounds/neutrals/warnings/noenergy.mp3'),
(5, 6, 'nogold', 'nogold', '/sounds/neutrals/warnings/nogold.mp3'),
(5, 7, 'nolumber', 'nolumber', '/sounds/neutrals/warnings/nolumber.mp3'),
(5, 8, 'inventoryfull', 'inventoryfull', '/sounds/neutrals/warnings/inventoryfull.mp3'),
(5, 9, 'townattack', 'townattack', '/sounds/neutrals/warnings/townattack.mp3'),
(5, 10, 'unitattack', 'unitattack', '/sounds/neutrals/warnings/unitattack.mp3'),
(5, 11, 'herodies', 'herodies', '/sounds/neutrals/warnings/herodies.mp3'),
(5, 12, 'allytownattack', 'allytownattack', '/sounds/neutrals/warnings/allytownattack.mp3'),
(5, 13, 'allyattack', 'allyattack', '/sounds/neutrals/warnings/allyattack.mp3'),
(5, 14, 'allyherodies', 'allyherodies', '/sounds/neutrals/warnings/allyherodies.mp3'),
(5, 15, 'buildingcomplete', 'buildingcomplete', '/sounds/neutrals/warnings/buildingcomplete.mp3'),
(5, 16, 'upgradecomplete', 'upgradecomplete', '/sounds/neutrals/warnings/upgradecomplete.mp3'),
(5, 17, 'researchcomplete', 'researchcomplete', '/sounds/neutrals/warnings/researchcomplete.mp3');

-- characters

CREATE TABLE characters (
  id INTEGER PRIMARY KEY AUTOINCREMENT,
  k_race INTEGER NOT NULL,
  code varchar(20) NOT NULL,
  name varchar(25) NOT NULL,
  tft tinyint(1) NOT NULL DEFAULT 0,
  UNIQUE (k_race, code),
  FOREIGN KEY (k_race) REFERENCES races (id) ON DELETE CASCADE ON UPDATE CASCADE
);

INSERT INTO characters (id, k_race, code, name, tft) VALUES
(1, 1, 'paladin', 'Paladin', 0),
(2, 1, 'mountainking', 'Roi de la montagne', 0),
(3, 1, 'archmage', 'Archimage', 0),
(4, 1, 'bloodelfmage', 'Mage elfe de sang', 1),
(5, 1, 'peasant', 'Paysan', 0),
(6, 1, 'footman', 'Soldat', 0),
(7, 1, 'rifleman', 'Fusiller', 0),
(8, 1, 'knight', 'Chevalier', 0),
(9, 1, 'gyrocopter', 'Gyrocoptère', 0),
(10, 1, 'gryphonrider', 'Chevaucheur de gryphon', 0),
(11, 1, 'priest', 'Prêtre', 0),
(12, 1, 'sorceress', 'Sorcière', 0),
(13, 1, 'spellbreaker', 'spellbreaker', 1),
(14, 1, 'hawkrider', 'hawkrider', 1),
(15, 3, 'blademaster', 'blademaster', 0),
(16, 3, 'farseer', 'farseer', 0),
(17, 3, 'taurenchieftain', 'taurenchieftain', 0),
(18, 3, 'shadowhunter', 'shadowhunter', 1),
(19, 3, 'peon', 'peon', 0),
(20, 3, 'grunt', 'grunt', 0),
(21, 3, 'headhunter', 'headhunter', 0),
(22, 3, 'wolfrider', 'wolfrider', 0),
(23, 3, 'wyvernrider', 'wyvernrider', 0),
(24, 3, 'tauren', 'tauren', 0),
(25, 3, 'shaman', 'shaman', 0),
(26, 3, 'witchdoctor', 'witchdoctor', 0),
(27, 3, 'spiritwalker', 'spiritwalker', 1),
(28, 2, 'demonhunter', 'Chasseur de démons', 0),
(29, 2, 'keeperofthegrove', 'keeperofthegrove', 0),
(30, 2, 'moonpriestess', 'Prêtresse de la lune', 0),
(31, 2, 'warden', 'warden', 1),
(32, 2, 'archer', 'Archer', 0),
(33, 2, 'huntress', 'Chasseresse', 0),
(34, 2, 'dryad', 'Dryade', 0),
(35, 2, 'druidoftheclaw', 'druidoftheclaw', 0),
(36, 2, 'druidofthetalon', 'druidofthetalon', 0),
(37, 2, 'hippogryphrider', 'Chevaucheur d''hippogryphe', 0),
(38, 4, 'deathknight', 'Chevalier de la mort', 0),
(39, 4, 'lich', 'Liche', 0),
(40, 4, 'dreadlord', 'dreadlord', 0),
(41, 4, 'cryptlord', 'cryptlord', 1),
(42, 4, 'acolyte', 'Acolyte', 0),
(43, 4, 'ghoul', 'Goule', 0),
(44, 4, 'cryptfiend', 'cryptfiend', 0),
(45, 4, 'abomination', 'Abomination', 0),
(46, 4, 'necromancer', 'Nécromancien', 0),
(47, 4, 'banshee', 'Banshee', 0),
(48, 4, 'shade', 'Ombre', 0),
(49, 5, 'alchemist', 'alchemist', 1),
(50, 5, 'ladyvash', 'ladyvash', 1),
(51, 5, 'tinker', 'tinker', 1),
(52, 5, 'beastmaster', 'beastmaster', 1),
(53, 5, 'pandaren', 'pandaren', 1),
(54, 5, 'darkranger', 'darkranger', 1),
(55, 5, 'pitlord', 'pitlord', 0),
(56, 5, 'firelord', 'firelord', 1),
(57, 4, 'arthas', 'Arthas', 0),
(58, 5, 'bandit', 'Bandit', 0),
(59, 1, 'jaina', 'Jaina', 0),
(60, 1, 'mortarteam', 'Mortier', 0),
(61, 1, 'muradin', 'Muradin', 0),
(62, 1, 'uther', 'Uther', 0),
(63, 1, 'windserpent', 'windserpent', 0),
(64, 1, 'villager', 'Villageois', 0),
(65, 1, 'captain', 'Capitaine', 0),
(66, 5, 'foresttroll', 'foresttroll', 0),
(67, 5, 'goblinmerchant', 'goblinmerchant', 0),
(68, 5, 'goblinsapper', 'goblinsapper', 0),
(69, 5, 'goblinzeppelin', 'goblinzeppelin', 0),
(70, 5, 'icetroll', 'icetroll', 0),
(71, 5, 'ogre', 'ogre', 0),
(72, 5, 'satyre', 'satyre', 0),
(73, 2, 'furion', 'Furion', 0),
(74, 2, 'illidan', 'Illidan', 0),
(75, 2, 'illidanmorphed', 'Illidan transformé', 0),
(76, 2, 'shandris', 'Shandris', 0),
(77, 2, 'sylvanas', 'Sylvanas', 0),
(78, 2, 'tyrande', 'Tyrande', 0),
(79, 3, 'cairne', 'Cairne', 0),
(80, 3, 'grom', 'Grom', 0),
(81, 3, 'thrall', 'Thrall', 0),
(82, 3, 'warlord', 'Warlord', 0),
(83, 4, 'kelthuzad', 'Kelthuzad', 0),
(85, 4, 'tichondrius', 'Tichondrius', 0);

-- actions

CREATE TABLE actions (
  id INTEGER PRIMARY KEY AUTOINCREMENT,
  k_character INTEGER NOT NULL,
  k_action_type INTEGER NOT NULL,
  code varchar(20) NOT NULL,
  name varchar(25) NOT NULL,
  file varchar(50) NOT NULL,
  FOREIGN KEY (k_character) REFERENCES characters (id) ON DELETE CASCADE ON UPDATE CASCADE,
  FOREIGN KEY (k_action_type) REFERENCES actions_types (id) ON DELETE CASCADE ON UPDATE CASCADE
);

INSERT INTO actions (id, k_character, k_action_type, code, name, file) VALUES
(1, 3, 5, 'attack1', 'J''engage le combat', '/sounds/humans/actions/archmage/attack/attack1.mp3'),
(2, 3, 5, 'attack2', 'Pour la gloire', '/sounds/humans/actions/archmage/attack/attack2.mp3'),
(3, 3, 5, 'attack3', 'Nim flori...', '/sounds/humans/actions/archmage/attack/attack3.mp3'),
(4, 3, 7, 'death1', 'Mort', '/sounds/humans/actions/archmage/death/death1.mp3'),
(5, 3, 6, 'fun1', 'La seule chance qu''on a de gagner la guerre, c''est qu''en face ils soient aussi cons qu''ici.', '/sounds/humans/actions/archmage/fun/fun1.mp3'),
(6, 3, 6, 'fun2', 'Vous avez lu Clausewitz ?', '/sounds/humans/actions/archmage/fun/fun2.mp3'),
(7, 3, 6, 'fun3', 'Et Sun-Tzu vous l''avez lu ?', '/sounds/humans/actions/archmage/fun/fun3.mp3'),
(8, 3, 6, 'fun4', 'Magie, magie, et vos idées n''ont pas de génie', '/sounds/humans/actions/archmage/fun/fun4.mp3'),
(9, 3, 1, 'ready1', 'J''espère pour vous que ça en vaut la peine', '/sounds/humans/actions/archmage/ready/ready1.mp3'),
(10, 3, 2, 'warcry1', 'Pour la gloire', '/sounds/humans/actions/archmage/warcry/warcry1.mp3'),
(11, 3, 3, 'what1', 'Ainsi vous réclamez mon aide', '/sounds/humans/actions/archmage/what/what1.mp3'),
(12, 3, 3, 'what2', 'Qui a-t-il, encore ?', '/sounds/humans/actions/archmage/what/what2.mp3'),
(13, 3, 3, 'what3', 'Je vous écoute', '/sounds/humans/actions/archmage/what/what3.mp3'),
(14, 3, 3, 'what4', 'Alors ?', '/sounds/humans/actions/archmage/what/what4.mp3'),
(15, 3, 4, 'yes1', 'J''ai hâte d''y être', '/sounds/humans/actions/archmage/yes/yes1.mp3'),
(16, 3, 4, 'yes2', 'Parfait !', '/sounds/humans/actions/archmage/yes/yes2.mp3'),
(17, 3, 4, 'yes3', 'Puisqu''il le faut', '/sounds/humans/actions/archmage/yes/yes3.mp3'),
(18, 3, 4, 'yes4', 'Fort bien', '/sounds/humans/actions/archmage/yes/yes4.mp3'),
(19, 65, 5, 'attack1', 'Bête immonde !', '/sounds/humans/actions/captain/attack/attack1.mp3'),
(20, 65, 6, 'fun2', 'Danger permanent, solde de misère...', '/sounds/humans/actions/captain/fun/fun2.mp3'),
(21, 65, 6, 'fun1', 'J''aurai dû écouter mon père, et devenir paysan...', '/sounds/humans/actions/captain/fun/fun1.mp3'),
(22, 65, 6, 'fun3', 'Pose tes galons, qu''on s''explique entre hommes !', '/sounds/humans/actions/captain/fun/fun3.mp3'),
(23, 65, 2, 'warcry1', 'Pour le roi Térénas !', '/sounds/humans/actions/captain/warcry/warcry1.mp3'),
(24, 65, 3, 'what1', 'Je suis prêt.', '/sounds/humans/actions/captain/what/what1.mp3'),
(25, 65, 3, 'what2', 'Que désirez-vous ?', '/sounds/humans/actions/captain/what/what2.mp3'),
(26, 65, 3, 'what3', 'Comment puis-je vous servir ?', '/sounds/humans/actions/captain/what/what3.mp3'),
(27, 65, 4, 'yes1', 'Je suis honoré.', '/sounds/humans/actions/captain/yes/yes1.mp3'),
(28, 65, 4, 'yes3', 'Pour Lordaeron !', '/sounds/humans/actions/captain/yes/yes3.mp3'),
(29, 65, 4, 'yes2', 'Je ferai de mon mieux.', '/sounds/humans/actions/captain/yes/yes2.mp3'),
(30, 10, 5, 'attack1', 'La mort vient du ciel !', '/sounds/humans/actions/gryphonrider/attack/attack1.mp3'),
(31, 10, 5, 'attack2', 'Vers la victoire !', '/sounds/humans/actions/gryphonrider/attack/attack2.mp3'),
(32, 10, 5, 'attack3', 'Par la barbe de Muradin !', '/sounds/humans/actions/gryphonrider/attack/attack3.mp3'),
(33, 10, 7, 'death1', 'Mort', '/sounds/humans/actions/gryphonrider/death/death1.mp3'),
(34, 10, 6, 'fun1', 'Boire ou conduire, il faut choisir', '/sounds/humans/actions/gryphonrider/fun/fun1.mp3'),
(35, 10, 6, 'fun2', 'C''est pas la taille qui compte, c''est le tranchant', '/sounds/humans/actions/gryphonrider/fun/fun2.mp3'),
(36, 10, 6, 'fun3', 'Un p''tit clou ?', '/sounds/humans/actions/gryphonrider/fun/fun3.mp3'),
(37, 10, 6, 'fun4', 'Que la force soit avec toi, Luke.', '/sounds/humans/actions/gryphonrider/fun/fun4.mp3'),
(38, 10, 1, 'ready1', 'Je vis pour servir', '/sounds/humans/actions/gryphonrider/ready/ready1.mp3'),
(39, 10, 6, 'fun5', 'Un cavalier, qui surgit hors de la nuit... Part, à l''aventure au galop...', '/sounds/humans/actions/gryphonrider/fun/fun5.mp3'),
(40, 10, 2, 'warcry1', 'Pour Khaz Modan !', '/sounds/humans/actions/gryphonrider/warcry/warcry1.mp3'),
(41, 10, 3, 'what1', 'Ma vie est entre vos mains', '/sounds/humans/actions/gryphonrider/what/what1.mp3'),
(42, 10, 3, 'what3', 'Je suis votre nain', '/sounds/humans/actions/gryphonrider/what/what3.mp3'),
(43, 10, 3, 'what4', 'La fin justifie les moyens', '/sounds/humans/actions/gryphonrider/what/what4.mp3'),
(44, 10, 3, 'what5', '', '/sounds/humans/actions/gryphonrider/what/what5.mp3'),
(45, 10, 3, 'what2', 'Oui, chef ?', '/sounds/humans/actions/gryphonrider/what/what2.mp3'),
(46, 10, 4, 'yes1', 'Yep, comptez sur moi', '/sounds/humans/actions/gryphonrider/yes/yes1.mp3'),
(47, 10, 4, 'yes2', 'C''est vous le patron !', '/sounds/humans/actions/gryphonrider/yes/yes2.mp3'),
(48, 10, 4, 'yes4', 'Super', '/sounds/humans/actions/gryphonrider/yes/yes4.mp3'),
(49, 10, 4, 'yes3', 'Pas de problème !', '/sounds/humans/actions/gryphonrider/yes/yes3.mp3'),
(50, 6, 5, 'attack1', 'Laissez-les moi !', '/sounds/humans/actions/footman/attack/attack1.mp3'),
(51, 6, 5, 'attack2', 'A l''attaque !', '/sounds/humans/actions/footman/attack/attack2.mp3'),
(52, 10, 4, 'yes5', 'Vers les cieux !', '/sounds/humans/actions/gryphonrider/yes/yes5.mp3'),
(53, 6, 5, 'attack3', 'Aux armes !', '/sounds/humans/actions/footman/attack/attack3.mp3'),
(54, 6, 6, 'fun1', 'Sortez couverts !', '/sounds/humans/actions/footman/fun/fun1.mp3'),
(55, 6, 6, 'fun2', 'Avant l''heure c''est pas l''heure, après l''heure c''est plus l''heure.', '/sounds/humans/actions/footman/fun/fun2.mp3'),
(56, 6, 7, 'death1', 'Mort', '/sounds/humans/actions/footman/death/death1.mp3'),
(57, 6, 6, 'fun4', 'Ce n''est qu''une égratignure', '/sounds/humans/actions/footman/fun/fun4.mp3'),
(58, 6, 2, 'warcry1', 'Pour Lordaeron !', '/sounds/humans/actions/footman/warcry/warcry1.mp3'),
(59, 6, 6, 'fun3', 'Engagez-vous, rengagez-vous, qu''il disait Lothar.', '/sounds/humans/actions/footman/fun/fun3.mp3'),
(60, 6, 3, 'what2', 'Que voulez-vous ?', '/sounds/humans/actions/footman/what/what2.mp3'),
(61, 6, 3, 'what1', 'Quels sont les ordres ?', '/sounds/humans/actions/footman/what/what1.mp3'),
(62, 6, 3, 'what3', 'Oui monseigneur ?', '/sounds/humans/actions/footman/what/what3.mp3'),
(63, 6, 3, 'what4', 'Donnez vos ordres !', '/sounds/humans/actions/footman/what/what4.mp3'),
(64, 6, 1, 'ready1', 'Prêt à l''action', '/sounds/humans/actions/footman/ready/ready1.mp3'),
(65, 6, 4, 'yes3', 'A vos ordres !', '/sounds/humans/actions/footman/yes/yes3.mp3'),
(66, 6, 4, 'yes1', 'Compris, monseigneur', '/sounds/humans/actions/footman/yes/yes1.mp3'),
(67, 9, 5, 'attack1', 'Bombe, larguée', '/sounds/humans/actions/gyrocopter/attack/attack1.mp3'),
(68, 9, 5, 'attack2', 'Cible verrouillée', '/sounds/humans/actions/gyrocopter/attack/attack2.mp3'),
(69, 9, 5, 'attack3', 'J''attaque la cible !', '/sounds/humans/actions/gyrocopter/attack/attack3.mp3'),
(70, 9, 5, 'attack4', 'Ça va faire mal !', '/sounds/humans/actions/gyrocopter/attack/attack4.mp3'),
(71, 6, 4, 'yes4', 'Certainement !', '/sounds/humans/actions/footman/yes/yes4.mp3'),
(72, 9, 7, 'death1', 'Mort', '/sounds/humans/actions/gyrocopter/death/death1.mp3'),
(73, 9, 6, 'fun1', 'Rogue Leader, au rapport', '/sounds/humans/actions/gyrocopter/fun/fun1.mp3'),
(74, 9, 6, 'fun2', 'Restez en ligne', '/sounds/humans/actions/gyrocopter/fun/fun2.mp3'),
(75, 9, 6, 'fun3', 'Je ne peux pas, ça bouge trop', '/sounds/humans/actions/gyrocopter/fun/fun3.mp3'),
(76, 6, 4, 'yes2', 'J''y vais !', '/sounds/humans/actions/footman/yes/yes2.mp3'),
(77, 9, 6, 'fun4', 'Il est dans la ventilation', '/sounds/humans/actions/gyrocopter/fun/fun4.mp3'),
(78, 9, 6, 'fun5', 'S''il peut saigner, on peut le tuer', '/sounds/humans/actions/gyrocopter/fun/fun5.mp3'),
(79, 9, 6, 'fun8', 'Ils ne sont pas à l''attention de savoir qu''ils existent', '/sounds/humans/actions/gyrocopter/fun/fun8.mp3'),
(80, 9, 6, 'fun6', 'Je parle d''une certaine spiritualité, elle est faite de oui, de non', '/sounds/humans/actions/gyrocopter/fun/fun6.mp3'),
(81, 9, 2, 'warcry1', 'Vers l''infini, et au-delà !', '/sounds/humans/actions/gyrocopter/warcry/warcry1.mp3'),
(82, 9, 3, 'what1', 'Que puis-je pour vous ?', '/sounds/humans/actions/gyrocopter/what/what1.mp3'),
(83, 9, 6, 'fun7', 'Y''a-t-il un pilote dans l''avion ?', '/sounds/humans/actions/gyrocopter/fun/fun7.mp3'),
(84, 9, 3, 'what3', 'Donnez-moi le cap', '/sounds/humans/actions/gyrocopter/what/what3.mp3'),
(85, 9, 3, 'what2', 'Quel est le plan de vol ?', '/sounds/humans/actions/gyrocopter/what/what2.mp3'),
(86, 9, 3, 'what4', 'Tous les systèmes, OK !', '/sounds/humans/actions/gyrocopter/what/what4.mp3'),
(87, 9, 4, 'yes1', 'Roger', '/sounds/humans/actions/gyrocopter/yes/yes1.mp3'),
(88, 9, 1, 'ready1', 'Larguez les amarres', '/sounds/humans/actions/gyrocopter/ready/ready1.mp3'),
(89, 9, 4, 'yes3', 'On approche du mur du son', '/sounds/humans/actions/gyrocopter/yes/yes3.mp3'),
(90, 9, 4, 'yes4', 'Quoi, là-bas ?', '/sounds/humans/actions/gyrocopter/yes/yes4.mp3'),
(91, 9, 4, 'yes2', 'Cap enregistré', '/sounds/humans/actions/gyrocopter/yes/yes2.mp3'),
(92, 9, 4, 'yes5', 'Ils ne m''entendront pas venir !', '/sounds/humans/actions/gyrocopter/yes/yes5.mp3'),
(93, 59, 5, 'attack1', '', '/sounds/humans/actions/jaina/attack/attack1.mp3'),
(94, 59, 7, 'death1', '', '/sounds/humans/actions/jaina/death/death1.mp3'),
(95, 9, 3, 'what5', 'Ah ! Encore vous ?', '/sounds/humans/actions/gyrocopter/what/what5.mp3'),
(96, 59, 5, 'attack2', '', '/sounds/humans/actions/jaina/attack/attack2.mp3'),
(97, 59, 6, 'fun1', '', '/sounds/humans/actions/jaina/fun/fun1.mp3'),
(98, 59, 6, 'fun3', '', '/sounds/humans/actions/jaina/fun/fun3.mp3'),
(99, 59, 6, 'fun4', '', '/sounds/humans/actions/jaina/fun/fun4.mp3'),
(100, 59, 6, 'fun2', '', '/sounds/humans/actions/jaina/fun/fun2.mp3'),
(101, 59, 2, 'warcry1', '', '/sounds/humans/actions/jaina/warcry/warcry1.mp3'),
(102, 59, 3, 'what1', '', '/sounds/humans/actions/jaina/what/what1.mp3'),
(103, 59, 3, 'what2', '', '/sounds/humans/actions/jaina/what/what2.mp3'),
(104, 59, 6, 'fun5', '', '/sounds/humans/actions/jaina/fun/fun5.mp3'),
(105, 59, 3, 'what3', '', '/sounds/humans/actions/jaina/what/what3.mp3'),
(106, 59, 4, 'yes2', '', '/sounds/humans/actions/jaina/yes/yes2.mp3'),
(107, 59, 3, 'what4', '', '/sounds/humans/actions/jaina/what/what4.mp3'),
(108, 59, 4, 'yes3', '', '/sounds/humans/actions/jaina/yes/yes3.mp3'),
(109, 59, 4, 'yes1', '', '/sounds/humans/actions/jaina/yes/yes1.mp3'),
(110, 8, 5, 'attack1', 'Pour le roi !', '/sounds/humans/actions/knight/attack/attack1.mp3'),
(111, 8, 5, 'attack2', 'Je vais le pourfendre !', '/sounds/humans/actions/knight/attack/attack2.mp3'),
(112, 8, 7, 'death1', 'Mort', '/sounds/humans/actions/knight/death/death1.mp3'),
(113, 8, 5, 'attack3', 'Jusqu''à la mort !', '/sounds/humans/actions/knight/attack/attack3.mp3'),
(114, 8, 6, 'fun1', 'Je suis l''homme qui tombe à pic', '/sounds/humans/actions/knight/fun/fun1.mp3'),
(115, 8, 6, 'fun2', 'Par le pouvoir du crâne ancestral !', '/sounds/humans/actions/knight/fun/fun2.mp3'),
(116, 8, 6, 'fun4', 'Les chaussettes de l''archiduchesse, sont-elles sêches, archi-sêches ?', '/sounds/humans/actions/knight/fun/fun4.mp3'),
(117, 8, 6, 'fun5', 'Je n''ai pas dit "ni"', '/sounds/humans/actions/knight/fun/fun5.mp3'),
(118, 8, 6, 'fun6', 'Un chasseur sachant chasser sans son chien est un bon chasseur.', '/sounds/humans/actions/knight/fun/fun6.mp3'),
(119, 59, 4, 'yes4', '', '/sounds/humans/actions/jaina/yes/yes4.mp3'),
(120, 8, 6, 'fun3', 'Ils sont fous, ces romains', '/sounds/humans/actions/knight/fun/fun3.mp3'),
(121, 8, 3, 'what1', 'Sir ?', '/sounds/humans/actions/knight/what/what1.mp3'),
(122, 8, 1, 'ready1', 'J''attend vos ordres', '/sounds/humans/actions/knight/ready/ready1.mp3'),
(123, 8, 2, 'warcry1', 'Pour l''honneur, et la liberté !', '/sounds/humans/actions/knight/warcry/warcry1.mp3'),
(124, 8, 3, 'what4', 'Oui, monseigneur ?', '/sounds/humans/actions/knight/what/what4.mp3'),
(125, 8, 3, 'what3', 'Quels sont vos ordres ?', '/sounds/humans/actions/knight/what/what3.mp3'),
(126, 8, 4, 'yes2', 'Pour le roi !', '/sounds/humans/actions/knight/yes/yes2.mp3'),
(127, 8, 4, 'yes1', 'Sur le champ !', '/sounds/humans/actions/knight/yes/yes1.mp3'),
(128, 8, 3, 'what2', 'Votre honneur ?', '/sounds/humans/actions/knight/what/what2.mp3'),
(129, 8, 4, 'yes5', 'Pour le Roi Liche', '/sounds/humans/actions/knight/yes/yes5.mp3'),
(130, 8, 4, 'yes4', 'Je m''en charge', '/sounds/humans/actions/knight/yes/yes4.mp3'),
(131, 60, 5, 'attack2', '', '/sounds/humans/actions/mortarteam/attack/attack2.mp3'),
(132, 60, 5, 'attack3', '', '/sounds/humans/actions/mortarteam/attack/attack3.mp3'),
(133, 60, 5, 'attack1', '', '/sounds/humans/actions/mortarteam/attack/attack1.mp3'),
(134, 60, 5, 'attack4', '', '/sounds/humans/actions/mortarteam/attack/attack4.mp3'),
(135, 60, 5, 'attack5', '', '/sounds/humans/actions/mortarteam/attack/attack5.mp3'),
(136, 60, 7, 'death1', '', '/sounds/humans/actions/mortarteam/death/death1.mp3'),
(137, 60, 7, 'deathexplode', '', '/sounds/humans/actions/mortarteam/death/deathexplode.mp3'),
(138, 60, 6, 'fun1', '', '/sounds/humans/actions/mortarteam/fun/fun1.mp3'),
(139, 8, 4, 'yes3', 'Certainement', '/sounds/humans/actions/knight/yes/yes3.mp3'),
(140, 60, 6, 'fun4', '', '/sounds/humans/actions/mortarteam/fun/fun4.mp3'),
(141, 60, 6, 'fun2', '', '/sounds/humans/actions/mortarteam/fun/fun2.mp3'),
(142, 60, 6, 'fun6', '', '/sounds/humans/actions/mortarteam/fun/fun6.mp3'),
(143, 60, 6, 'fun3', '', '/sounds/humans/actions/mortarteam/fun/fun3.mp3'),
(144, 60, 6, 'fun8', '', '/sounds/humans/actions/mortarteam/fun/fun8.mp3'),
(145, 60, 6, 'fun7', '', '/sounds/humans/actions/mortarteam/fun/fun7.mp3'),
(146, 60, 6, 'fun5', '', '/sounds/humans/actions/mortarteam/fun/fun5.mp3'),
(147, 60, 1, 'ready1', '', '/sounds/humans/actions/mortarteam/ready/ready1.mp3'),
(148, 60, 2, 'warcry1', '', '/sounds/humans/actions/mortarteam/warcry/warcry1.mp3'),
(149, 60, 6, 'fun9', '', '/sounds/humans/actions/mortarteam/fun/fun9.mp3'),
(150, 60, 3, 'what1', '', '/sounds/humans/actions/mortarteam/what/what1.mp3'),
(151, 60, 3, 'what4', '', '/sounds/humans/actions/mortarteam/what/what4.mp3'),
(152, 60, 4, 'yes1', '', '/sounds/humans/actions/mortarteam/yes/yes1.mp3'),
(153, 60, 3, 'what2', '', '/sounds/humans/actions/mortarteam/what/what2.mp3'),
(154, 60, 4, 'yes3', '', '/sounds/humans/actions/mortarteam/yes/yes3.mp3'),
(155, 60, 3, 'what3', '', '/sounds/humans/actions/mortarteam/what/what3.mp3'),
(156, 60, 4, 'yes5', '', '/sounds/humans/actions/mortarteam/yes/yes5.mp3'),
(157, 60, 4, 'yes4', '', '/sounds/humans/actions/mortarteam/yes/yes4.mp3'),
(158, 2, 5, 'attack1', 'Aux armes !', '/sounds/humans/actions/mountainking/attack/attack1.mp3'),
(159, 60, 4, 'yes2', '', '/sounds/humans/actions/mortarteam/yes/yes2.mp3'),
(160, 2, 5, 'attack2', 'Ca va faire mal', '/sounds/humans/actions/mountainking/attack/attack2.mp3'),
(161, 2, 5, 'attack3', 'Tranche, taille et cours !', '/sounds/humans/actions/mountainking/attack/attack3.mp3'),
(162, 2, 5, 'attack4', 'A l''assaut !', '/sounds/humans/actions/mountainking/attack/attack4.mp3'),
(163, 2, 7, 'death1', 'Mort', '/sounds/humans/actions/mountainking/death/death1.mp3'),
(164, 2, 6, 'fun1', 'Un pastis, sinon rien', '/sounds/humans/actions/mountainking/fun/fun1.mp3'),
(165, 2, 6, 'fun2', 'Tavernier, à boire et à manger', '/sounds/humans/actions/mountainking/fun/fun2.mp3'),
(166, 2, 6, 'fun3', 'Qui est gros ?', '/sounds/humans/actions/mountainking/fun/fun3.mp3'),
(167, 2, 6, 'fun4', 'Petit mais costaud !', '/sounds/humans/actions/mountainking/fun/fun4.mp3'),
(168, 2, 6, 'fun5', 'On pourrait pas en discuter autour d''une chopine ?', '/sounds/humans/actions/mountainking/fun/fun5.mp3'),
(169, 2, 6, 'fun6', 'Un tonneau d''hydromel, ça use le gosier', '/sounds/humans/actions/mountainking/fun/fun6.mp3'),
(170, 2, 6, 'fun7', 'Du rhum, des femmes, et dl''a bière nom de Dieu !', '/sounds/humans/actions/mountainking/fun/fun7.mp3'),
(171, 2, 1, 'ready1', 'Prêt !', '/sounds/humans/actions/mountainking/ready/ready1.mp3'),
(172, 2, 2, 'warcry1', 'Pour Khaz Modan !', '/sounds/humans/actions/mountainking/warcry/warcry1.mp3'),
(173, 60, 4, 'yes6', '', '/sounds/humans/actions/mortarteam/yes/yes6.mp3'),
(174, 2, 2, 'warcry2', 'Pour Khaz Modan !', '/sounds/humans/actions/mountainking/warcry/warcry2.mp3'),
(175, 2, 3, 'what1', 'Oui ?', '/sounds/humans/actions/mountainking/what/what1.mp3'),
(176, 2, 3, 'what3', 'J''attend les ordres !', '/sounds/humans/actions/mountainking/what/what3.mp3'),
(177, 2, 4, 'yes1', 'Très bien !', '/sounds/humans/actions/mountainking/yes/yes1.mp3'),
(178, 2, 3, 'what2', 'Vivement un peu d''action', '/sounds/humans/actions/mountainking/what/what2.mp3'),
(179, 2, 4, 'yes3', 'En route !', '/sounds/humans/actions/mountainking/yes/yes3.mp3'),
(180, 2, 3, 'what4', 'Mmm ?', '/sounds/humans/actions/mountainking/what/what4.mp3'),
(181, 2, 4, 'yes2', 'C''est parti !', '/sounds/humans/actions/mountainking/yes/yes2.mp3'),
(182, 61, 5, 'attack2', '', '/sounds/humans/actions/muradin/attack/attack2.mp3'),
(183, 2, 4, 'yes4', 'Laissez-moi passer !', '/sounds/humans/actions/mountainking/yes/yes4.mp3'),
(184, 61, 5, 'attack3', '', '/sounds/humans/actions/muradin/attack/attack3.mp3'),
(185, 61, 5, 'attack1', '', '/sounds/humans/actions/muradin/attack/attack1.mp3'),
(186, 61, 6, 'fun2', '', '/sounds/humans/actions/muradin/fun/fun2.mp3'),
(187, 61, 6, 'fun3', '', '/sounds/humans/actions/muradin/fun/fun3.mp3'),
(188, 61, 6, 'fun5', '', '/sounds/humans/actions/muradin/fun/fun5.mp3'),
(189, 61, 6, 'fun1', '', '/sounds/humans/actions/muradin/fun/fun1.mp3'),
(190, 61, 6, 'fun7', '', '/sounds/humans/actions/muradin/fun/fun7.mp3'),
(191, 61, 6, 'fun8', '', '/sounds/humans/actions/muradin/fun/fun8.mp3'),
(192, 61, 2, 'warcry1', '', '/sounds/humans/actions/muradin/warcry/warcry1.mp3'),
(193, 61, 3, 'what1', '', '/sounds/humans/actions/muradin/what/what1.mp3'),
(194, 61, 6, 'fun4', '', '/sounds/humans/actions/muradin/fun/fun4.mp3'),
(195, 61, 3, 'what2', '', '/sounds/humans/actions/muradin/what/what2.mp3'),
(196, 61, 3, 'what3', '', '/sounds/humans/actions/muradin/what/what3.mp3'),
(197, 61, 6, 'fun6', '', '/sounds/humans/actions/muradin/fun/fun6.mp3'),
(198, 61, 3, 'what4', '', '/sounds/humans/actions/muradin/what/what4.mp3'),
(199, 61, 4, 'yes3', '', '/sounds/humans/actions/muradin/yes/yes3.mp3'),
(200, 61, 4, 'yes2', '', '/sounds/humans/actions/muradin/yes/yes2.mp3'),
(201, 61, 4, 'yes1', '', '/sounds/humans/actions/muradin/yes/yes1.mp3'),
(202, 1, 5, 'attack1', 'Je suis le bras de la justice', '/sounds/humans/actions/paladin/attack/attack1.mp3'),
(203, 1, 5, 'attack3', 'Mort aux infidèles', '/sounds/humans/actions/paladin/attack/attack3.mp3'),
(204, 1, 5, 'attack2', 'En votre nom', '/sounds/humans/actions/paladin/attack/attack2.mp3'),
(205, 1, 7, 'death1', 'Mort', '/sounds/humans/actions/paladin/death/death1.mp3'),
(206, 1, 6, 'fun1', 'Je sers la foi', '/sounds/humans/actions/paladin/fun/fun1.mp3'),
(207, 1, 6, 'fun3', 'Bas les pattes ! J''ai fait voeux de chasteté.', '/sounds/humans/actions/paladin/fun/fun3.mp3'),
(208, 1, 6, 'fun2', 'Je suis le bouclier des croyants', '/sounds/humans/actions/paladin/fun/fun2.mp3'),
(209, 61, 4, 'yes4', '', '/sounds/humans/actions/muradin/yes/yes4.mp3'),
(210, 1, 6, 'fun5', 'Je vais faire appel au public', '/sounds/humans/actions/paladin/fun/fun5.mp3'),
(211, 1, 6, 'fun6', 'Le coté obscur n''est pas le plus fort, non. Plus rapide ! Plus facile. Plus séduisant...', '/sounds/humans/actions/paladin/fun/fun6.mp3'),
(212, 1, 2, 'warcry1', 'Que lightbringer te montre la voie', '/sounds/humans/actions/paladin/warcry/warcry1.mp3'),
(213, 1, 1, 'ready1', 'Ma foi est mon glaive', '/sounds/humans/actions/paladin/ready/ready1.mp3'),
(214, 1, 3, 'what1', 'Qu''attendez-vous de moi ?', '/sounds/humans/actions/paladin/what/what1.mp3'),
(215, 1, 6, 'fun4', 'Oui JP, c''est mon dernier mot', '/sounds/humans/actions/paladin/fun/fun4.mp3'),
(216, 1, 3, 'what3', 'J''affronterai tous les périls', '/sounds/humans/actions/paladin/what/what3.mp3'),
(217, 1, 4, 'yes1', 'Comme vous le souhaitez', '/sounds/humans/actions/paladin/yes/yes1.mp3'),
(218, 1, 3, 'what2', 'Je n''ai aucune crainte', '/sounds/humans/actions/paladin/what/what2.mp3'),
(219, 1, 4, 'yes3', 'Pour la foi', '/sounds/humans/actions/paladin/yes/yes3.mp3'),
(220, 1, 3, 'what4', 'Comme il vous siéra', '/sounds/humans/actions/paladin/what/what4.mp3'),
(221, 1, 4, 'yes2', 'Pour l''honneur', '/sounds/humans/actions/paladin/yes/yes2.mp3'),
(222, 1, 4, 'yes4', 'Il en sera ainsi', '/sounds/humans/actions/paladin/yes/yes4.mp3'),
(223, 5, 5, 'attack1', 'Je peux essayer', '/sounds/humans/actions/peasant/attack/attack1.mp3'),
(224, 5, 5, 'attack3', 'Vous n''avez personne d''autre ?', '/sounds/humans/actions/peasant/attack/attack3.mp3'),
(225, 5, 7, 'death1', 'Mort', '/sounds/humans/actions/peasant/death/death1.mp3'),
(226, 5, 5, 'attack2', 'Si vous le voulez vraiment', '/sounds/humans/actions/peasant/attack/attack2.mp3'),
(227, 5, 6, 'fun1', 'Votre prénom, c''est François, c''est juste ?', '/sounds/humans/actions/peasant/fun/fun1.mp3'),
(228, 5, 5, 'attack4', 'Ça y est, je suis mort...', '/sounds/humans/actions/peasant/attack/attack4.mp3'),
(229, 5, 6, 'fun2', 'Il est bon ! C''est un champion du monde !', '/sounds/humans/actions/peasant/fun/fun2.mp3'),
(230, 5, 6, 'fun4', 'Ne m''invitez jamais à diner, j''aurais toujours un doute.', '/sounds/humans/actions/peasant/fun/fun4.mp3'),
(231, 5, 1, 'ready1', 'Prêt à travailler !', '/sounds/humans/actions/peasant/ready/ready1.mp3'),
(232, 5, 6, 'fun3', 'Il pourrait me faire l''historique de la louche à travers les âges ?', '/sounds/humans/actions/peasant/fun/fun3.mp3'),
(233, 5, 3, 'what1', 'Oui messire ?', '/sounds/humans/actions/peasant/what/what1.mp3'),
(234, 5, 6, 'fun5', 'il essaie de faire de l''humour ! Ecoutez ça, c''est pathétique.', '/sounds/humans/actions/peasant/fun/fun5.mp3'),
(235, 5, 3, 'what2', 'Qu''y a-t-il ?', '/sounds/humans/actions/peasant/what/what2.mp3'),
(236, 5, 3, 'what3', 'Encore du travail ?', '/sounds/humans/actions/peasant/what/what3.mp3'),
(237, 5, 4, 'yes1', 'Bien', '/sounds/humans/actions/peasant/yes/yes1.mp3'),
(238, 5, 2, 'warcry1', 'Haaaaaa', '/sounds/humans/actions/peasant/warcry/warcry1.mp3'),
(239, 5, 4, 'yes3', 'Très bien', '/sounds/humans/actions/peasant/yes/yes3.mp3'),
(240, 5, 3, 'what4', 'Pardon ?', '/sounds/humans/actions/peasant/what/what4.mp3'),
(241, 5, 4, 'yes2', 'Oui monseigneur', '/sounds/humans/actions/peasant/yes/yes2.mp3'),
(242, 5, 4, 'yes4', 'Je m''en charge', '/sounds/humans/actions/peasant/yes/yes4.mp3'),
(243, 11, 5, 'attack2', '', '/sounds/humans/actions/priest/attack/attack2.mp3'),
(244, 11, 7, 'death1', 'Mort', '/sounds/humans/actions/priest/death/death1.mp3'),
(245, 11, 5, 'attack3', '', '/sounds/humans/actions/priest/attack/attack3.mp3'),
(246, 11, 7, 'death2', '', '/sounds/humans/actions/priest/death/death2.mp3'),
(247, 11, 5, 'attack1', '', '/sounds/humans/actions/priest/attack/attack1.mp3'),
(248, 11, 6, 'fun3', '', '/sounds/humans/actions/priest/fun/fun3.mp3'),
(249, 11, 6, 'fun2', '', '/sounds/humans/actions/priest/fun/fun2.mp3'),
(250, 11, 6, 'fun4', '', '/sounds/humans/actions/priest/fun/fun4.mp3'),
(251, 11, 6, 'fun6', '', '/sounds/humans/actions/priest/fun/fun6.mp3'),
(252, 11, 1, 'ready1', '', '/sounds/humans/actions/priest/ready/ready1.mp3'),
(253, 11, 2, 'warcry1', '', '/sounds/humans/actions/priest/warcry/warcry1.mp3'),
(254, 11, 3, 'what1', '', '/sounds/humans/actions/priest/what/what1.mp3'),
(255, 11, 3, 'what2', '', '/sounds/humans/actions/priest/what/what2.mp3'),
(256, 11, 6, 'fun1', '', '/sounds/humans/actions/priest/fun/fun1.mp3'),
(257, 11, 3, 'what3', '', '/sounds/humans/actions/priest/what/what3.mp3'),
(258, 11, 3, 'what4', '', '/sounds/humans/actions/priest/what/what4.mp3'),
(259, 11, 4, 'yes2', '', '/sounds/humans/actions/priest/yes/yes2.mp3'),
(260, 11, 4, 'yes1', '', '/sounds/humans/actions/priest/yes/yes1.mp3'),
(261, 11, 4, 'yes4', '', '/sounds/humans/actions/priest/yes/yes4.mp3'),
(262, 11, 6, 'fun5', '', '/sounds/humans/actions/priest/fun/fun5.mp3'),
(263, 7, 5, 'attack1', 'Feu !', '/sounds/humans/actions/rifleman/attack/attack1.mp3'),
(264, 7, 5, 'attack2', 'J''ai ma cible en mire !', '/sounds/humans/actions/rifleman/attack/attack2.mp3'),
(265, 7, 5, 'attack3', 'Et un pruneau bien chaud, un !', '/sounds/humans/actions/rifleman/attack/attack3.mp3'),
(266, 7, 5, 'attack4', 'Tirez, pour tuer !', '/sounds/humans/actions/rifleman/attack/attack4.mp3'),
(267, 7, 7, 'death1', 'Mort', '/sounds/humans/actions/rifleman/death/death1.mp3'),
(268, 7, 6, 'fun2', 'Toi, tu creuse', '/sounds/humans/actions/rifleman/fun/fun2.mp3'),
(269, 7, 6, 'fun1', 'Dans ce monde, y''a deux types d''hommes : ceux qui sont armés, et ceux qui creusent.', '/sounds/humans/actions/rifleman/fun/fun1.mp3'),
(270, 7, 6, 'fun3', 'Peut importe ou, quand et comment', '/sounds/humans/actions/rifleman/fun/fun3.mp3'),
(271, 11, 4, 'yes3', '', '/sounds/humans/actions/priest/yes/yes3.mp3'),
(272, 7, 6, 'fun4', 'Adrienne !!', '/sounds/humans/actions/rifleman/fun/fun4.mp3'),
(273, 7, 6, 'fun6', 'Raccourci ton rayon', '/sounds/humans/actions/rifleman/fun/fun6.mp3'),
(274, 7, 6, 'fun7', 'Il faut pas croiser les effluves, c''est mal', '/sounds/humans/actions/rifleman/fun/fun7.mp3'),
(275, 7, 6, 'fun8', 'Partenaire particulier, cherche partenaire particulière', '/sounds/humans/actions/rifleman/fun/fun8.mp3'),
(276, 7, 2, 'warcry1', 'Pour Ironforge !', '/sounds/humans/actions/rifleman/warcry/warcry1.mp3'),
(277, 7, 1, 'ready1', 'Armé, et paré !', '/sounds/humans/actions/rifleman/ready/ready1.mp3'),
(278, 7, 3, 'what1', 'Oui chef !', '/sounds/humans/actions/rifleman/what/what1.mp3'),
(279, 7, 6, 'fun5', 'Tu réfléchira avant de tout engluer un mec qui a un positroneur désintégrant. Hein ?', '/sounds/humans/actions/rifleman/fun/fun5.mp3'),
(280, 7, 3, 'what3', 'Quelle est ma cible ?', '/sounds/humans/actions/rifleman/what/what3.mp3'),
(281, 7, 4, 'yes1', 'Ooookay !', '/sounds/humans/actions/rifleman/yes/yes1.mp3'),
(282, 7, 3, 'what2', 'Ma cible ?', '/sounds/humans/actions/rifleman/what/what2.mp3'),
(283, 7, 4, 'yes2', 'J''m''en occupe !', '/sounds/humans/actions/rifleman/yes/yes2.mp3'),
(284, 7, 3, 'what4', 'Que voulez-vous ?', '/sounds/humans/actions/rifleman/what/what4.mp3'),
(285, 7, 4, 'yes4', 'Oui ?', '/sounds/humans/actions/rifleman/yes/yes4.mp3'),
(286, 12, 5, 'attack1', '', '/sounds/humans/actions/sorceress/attack/attack1.mp3'),
(287, 12, 5, 'attack3', '', '/sounds/humans/actions/sorceress/attack/attack3.mp3'),
(288, 7, 4, 'yes3', 'C''est parti !', '/sounds/humans/actions/rifleman/yes/yes3.mp3'),
(289, 12, 6, 'fun1', '', '/sounds/humans/actions/sorceress/fun/fun1.mp3'),
(290, 12, 7, 'death1', 'Mort', '/sounds/humans/actions/sorceress/death/death1.mp3'),
(291, 12, 6, 'fun3', '', '/sounds/humans/actions/sorceress/fun/fun3.mp3'),
(292, 12, 5, 'attack2', '', '/sounds/humans/actions/sorceress/attack/attack2.mp3'),
(293, 12, 6, 'fun4', '', '/sounds/humans/actions/sorceress/fun/fun4.mp3'),
(294, 12, 6, 'fun6', '', '/sounds/humans/actions/sorceress/fun/fun6.mp3'),
(295, 12, 1, 'ready1', '', '/sounds/humans/actions/sorceress/ready/ready1.mp3'),
(296, 12, 6, 'fun2', '', '/sounds/humans/actions/sorceress/fun/fun2.mp3'),
(297, 12, 2, 'warcry1', '', '/sounds/humans/actions/sorceress/warcry/warcry1.mp3'),
(298, 12, 3, 'what2', '', '/sounds/humans/actions/sorceress/what/what2.mp3'),
(299, 12, 3, 'what3', '', '/sounds/humans/actions/sorceress/what/what3.mp3'),
(300, 12, 3, 'what1', '', '/sounds/humans/actions/sorceress/what/what1.mp3'),
(301, 12, 3, 'what5', '', '/sounds/humans/actions/sorceress/what/what5.mp3'),
(302, 12, 4, 'yes1', '', '/sounds/humans/actions/sorceress/yes/yes1.mp3'),
(303, 12, 3, 'what4', '', '/sounds/humans/actions/sorceress/what/what4.mp3'),
(304, 12, 4, 'yes2', '', '/sounds/humans/actions/sorceress/yes/yes2.mp3'),
(305, 12, 4, 'yes4', '', '/sounds/humans/actions/sorceress/yes/yes4.mp3'),
(306, 62, 5, 'attack1', '', '/sounds/humans/actions/uther/attack/attack1.mp3'),
(307, 12, 4, 'yes3', '', '/sounds/humans/actions/sorceress/yes/yes3.mp3'),
(308, 62, 5, 'attack2', '', '/sounds/humans/actions/uther/attack/attack2.mp3'),
(309, 62, 5, 'attack3', '', '/sounds/humans/actions/uther/attack/attack3.mp3'),
(310, 12, 6, 'fun5', '', '/sounds/humans/actions/sorceress/fun/fun5.mp3'),
(311, 62, 6, 'fun3', '', '/sounds/humans/actions/uther/fun/fun3.mp3'),
(312, 62, 6, 'fun2', '', '/sounds/humans/actions/uther/fun/fun2.mp3'),
(313, 62, 6, 'fun4', '', '/sounds/humans/actions/uther/fun/fun4.mp3'),
(314, 62, 2, 'warcry1', '', '/sounds/humans/actions/uther/warcry/warcry1.mp3'),
(315, 62, 3, 'what1', '', '/sounds/humans/actions/uther/what/what1.mp3'),
(316, 62, 3, 'what2', '', '/sounds/humans/actions/uther/what/what2.mp3'),
(317, 62, 3, 'what3', '', '/sounds/humans/actions/uther/what/what3.mp3'),
(318, 62, 3, 'what4', '', '/sounds/humans/actions/uther/what/what4.mp3'),
(319, 62, 4, 'yes1', '', '/sounds/humans/actions/uther/yes/yes1.mp3'),
(320, 62, 4, 'yes2', '', '/sounds/humans/actions/uther/yes/yes2.mp3'),
(321, 62, 4, 'yes3', '', '/sounds/humans/actions/uther/yes/yes3.mp3'),
(322, 62, 4, 'yes4', '', '/sounds/humans/actions/uther/yes/yes4.mp3'),
(323, 64, 7, 'death1', '', '/sounds/humans/actions/villager/death/death1.mp3'),
(324, 64, 3, 'what1', '', '/sounds/humans/actions/villager/what/what1.mp3'),
(325, 64, 3, 'what10', '', '/sounds/humans/actions/villager/what/what10.mp3'),
(326, 64, 3, 'what12', '', '/sounds/humans/actions/villager/what/what12.mp3'),
(327, 62, 6, 'fun1', '', '/sounds/humans/actions/uther/fun/fun1.mp3'),
(328, 64, 3, 'what11', '', '/sounds/humans/actions/villager/what/what11.mp3'),
(329, 64, 3, 'what4', '', '/sounds/humans/actions/villager/what/what4.mp3'),
(330, 64, 3, 'what3', '', '/sounds/humans/actions/villager/what/what3.mp3'),
(331, 64, 3, 'what2', '', '/sounds/humans/actions/villager/what/what2.mp3'),
(332, 64, 3, 'what6', '', '/sounds/humans/actions/villager/what/what6.mp3'),
(333, 64, 3, 'what5', '', '/sounds/humans/actions/villager/what/what5.mp3'),
(334, 64, 3, 'what9', '', '/sounds/humans/actions/villager/what/what9.mp3'),
(335, 64, 3, 'what8', '', '/sounds/humans/actions/villager/what/what8.mp3'),
(336, 63, 5, 'attack1', '', '/sounds/humans/actions/windserpent/attack/attack1.mp3'),
(337, 64, 3, 'what7', '', '/sounds/humans/actions/villager/what/what7.mp3'),
(338, 63, 5, 'attack2', '', '/sounds/humans/actions/windserpent/attack/attack2.mp3'),
(339, 63, 6, 'fun2', '', '/sounds/humans/actions/windserpent/fun/fun2.mp3'),
(340, 63, 6, 'fun1', '', '/sounds/humans/actions/windserpent/fun/fun1.mp3'),
(341, 63, 5, 'attack3', '', '/sounds/humans/actions/windserpent/attack/attack3.mp3'),
(342, 63, 6, 'fun3', '', '/sounds/humans/actions/windserpent/fun/fun3.mp3'),
(343, 63, 1, 'ready1', '', '/sounds/humans/actions/windserpent/ready/ready1.mp3'),
(344, 63, 6, 'fun5', '', '/sounds/humans/actions/windserpent/fun/fun5.mp3'),
(345, 63, 2, 'warcry1', '', '/sounds/humans/actions/windserpent/warcry/warcry1.mp3'),
(346, 63, 6, 'fun4', '', '/sounds/humans/actions/windserpent/fun/fun4.mp3'),
(347, 63, 3, 'what1', '', '/sounds/humans/actions/windserpent/what/what1.mp3'),
(348, 63, 4, 'yes1', '', '/sounds/humans/actions/windserpent/yes/yes1.mp3'),
(349, 63, 3, 'what2', '', '/sounds/humans/actions/windserpent/what/what2.mp3'),
(350, 63, 4, 'yes3', '', '/sounds/humans/actions/windserpent/yes/yes3.mp3'),
(351, 63, 3, 'what3', '', '/sounds/humans/actions/windserpent/what/what3.mp3'),
(352, 32, 5, 'attack1', 'Parée à décocher', '/sounds/nightelfs/actions/archer/attack/attack1.mp3'),
(353, 32, 5, 'attack2', 'Feu !', '/sounds/nightelfs/actions/archer/attack/attack2.mp3'),
(354, 32, 5, 'attack3', 'Une flèche, un mort', '/sounds/nightelfs/actions/archer/attack/attack3.mp3'),
(355, 32, 7, 'death1', 'Mort', '/sounds/nightelfs/actions/archer/death/death1.mp3'),
(356, 32, 6, 'fun1', 'J''adore qu''un plan se déroule sans accroc', '/sounds/nightelfs/actions/archer/fun/fun1.mp3'),
(357, 63, 4, 'yes2', '', '/sounds/humans/actions/windserpent/yes/yes2.mp3'),
(358, 32, 6, 'fun2', 'J''aurai les salauds qui ont fait ça !', '/sounds/nightelfs/actions/archer/fun/fun2.mp3'),
(359, 32, 5, 'attack4', 'Mon arc est à vos ordres !', '/sounds/nightelfs/actions/archer/attack/attack4.mp3'),
(360, 32, 6, 'fun4', 'Où est ma pomme ?', '/sounds/nightelfs/actions/archer/fun/fun4.mp3'),
(361, 32, 6, 'fun5', 'La vie c''est comme une boite de chocolats : on ne sait jamais sur quoi on va tomber.', '/sounds/nightelfs/actions/archer/fun/fun5.mp3'),
(362, 32, 6, 'fun6', 'La culture, c''est comme la confiture : moins on en a, plus on l''étale.', '/sounds/nightelfs/actions/archer/fun/fun6.mp3'),
(363, 32, 6, 'fun7', 'Secouez-moi, secouez-moi, sinon la pulpe, elle reste en bas.', '/sounds/nightelfs/actions/archer/fun/fun7.mp3'),
(364, 32, 6, 'fun3', 'Je prend aux riches pour donner aux pauvres.', '/sounds/nightelfs/actions/archer/fun/fun3.mp3'),
(365, 32, 1, 'ready1', 'Je suis prête', '/sounds/nightelfs/actions/archer/ready/ready1.mp3'),
(366, 32, 2, 'warcry1', 'A la lumière de la lune !', '/sounds/nightelfs/actions/archer/warcry/warcry1.mp3'),
(367, 32, 6, 'fun8', 'Moi je dynamite ! Je disperse, je ventile...', '/sounds/nightelfs/actions/archer/fun/fun8.mp3'),
(368, 32, 3, 'what2', 'Indiquez le chemin.', '/sounds/nightelfs/actions/archer/what/what2.mp3'),
(369, 32, 3, 'what4', 'Je vous écoute.', '/sounds/nightelfs/actions/archer/what/what4.mp3'),
(370, 32, 3, 'what3', 'A vos ordres.', '/sounds/nightelfs/actions/archer/what/what3.mp3'),
(371, 32, 4, 'yes2', 'Reçu.', '/sounds/nightelfs/actions/archer/yes/yes2.mp3'),
(372, 32, 3, 'what1', 'J''écoute.', '/sounds/nightelfs/actions/archer/what/what1.mp3'),
(373, 32, 4, 'yes4', 'Trop facile...', '/sounds/nightelfs/actions/archer/yes/yes4.mp3'),
(374, 32, 4, 'yes1', 'Bien compris.', '/sounds/nightelfs/actions/archer/yes/yes1.mp3'),
(375, 28, 5, 'attack1', '', '/sounds/nightelfs/actions/demonhunter/attack/attack1.mp3'),
(376, 28, 5, 'attack2', '', '/sounds/nightelfs/actions/demonhunter/attack/attack2.mp3'),
(377, 28, 5, 'attack3', '', '/sounds/nightelfs/actions/demonhunter/attack/attack3.mp3'),
(378, 28, 5, 'attack4', '', '/sounds/nightelfs/actions/demonhunter/attack/attack4.mp3'),
(379, 28, 5, 'morphedattack2', '', '/sounds/nightelfs/actions/demonhunter/attack/morphedattack2.mp3'),
(380, 28, 5, 'morphedattack1', '', '/sounds/nightelfs/actions/demonhunter/attack/morphedattack1.mp3'),
(381, 28, 5, 'morphedattack4', '', '/sounds/nightelfs/actions/demonhunter/attack/morphedattack4.mp3'),
(382, 28, 7, 'death1', 'Mort', '/sounds/nightelfs/actions/demonhunter/death/death1.mp3'),
(383, 28, 5, 'morphedattack3', '', '/sounds/nightelfs/actions/demonhunter/attack/morphedattack3.mp3'),
(384, 28, 6, 'fun1', '', '/sounds/nightelfs/actions/demonhunter/fun/fun1.mp3'),
(385, 28, 6, 'fun3', '', '/sounds/nightelfs/actions/demonhunter/fun/fun3.mp3'),
(386, 28, 7, 'morpheddeath1', '', '/sounds/nightelfs/actions/demonhunter/death/morpheddeath1.mp3'),
(387, 28, 6, 'fun4', '', '/sounds/nightelfs/actions/demonhunter/fun/fun4.mp3'),
(388, 32, 4, 'yes3', 'Il en sera ainsi.', '/sounds/nightelfs/actions/archer/yes/yes3.mp3'),
(389, 28, 6, 'fun2', '', '/sounds/nightelfs/actions/demonhunter/fun/fun2.mp3'),
(390, 28, 6, 'fun7', '', '/sounds/nightelfs/actions/demonhunter/fun/fun7.mp3'),
(391, 28, 6, 'morphedfun1', '', '/sounds/nightelfs/actions/demonhunter/fun/morphedfun1.mp3'),
(392, 28, 6, 'fun5', '', '/sounds/nightelfs/actions/demonhunter/fun/fun5.mp3'),
(393, 28, 6, 'morphedfun2', '', '/sounds/nightelfs/actions/demonhunter/fun/morphedfun2.mp3'),
(394, 28, 6, 'fun6', '', '/sounds/nightelfs/actions/demonhunter/fun/fun6.mp3'),
(395, 28, 6, 'morphedfun4', '', '/sounds/nightelfs/actions/demonhunter/fun/morphedfun4.mp3'),
(396, 28, 6, 'morphedfun6', '', '/sounds/nightelfs/actions/demonhunter/fun/morphedfun6.mp3'),
(397, 28, 6, 'morphedfun3', '', '/sounds/nightelfs/actions/demonhunter/fun/morphedfun3.mp3'),
(398, 28, 6, 'morphedfun5', '', '/sounds/nightelfs/actions/demonhunter/fun/morphedfun5.mp3'),
(399, 28, 1, 'morphedready1', '', '/sounds/nightelfs/actions/demonhunter/ready/morphedready1.mp3'),
(400, 28, 1, 'ready1', '', '/sounds/nightelfs/actions/demonhunter/ready/ready1.mp3'),
(401, 28, 2, 'warcry1', '', '/sounds/nightelfs/actions/demonhunter/warcry/warcry1.mp3'),
(402, 28, 2, 'morphedwarcry1', '', '/sounds/nightelfs/actions/demonhunter/warcry/morphedwarcry1.mp3'),
(403, 28, 6, 'morphedfun7', '', '/sounds/nightelfs/actions/demonhunter/fun/morphedfun7.mp3'),
(404, 28, 3, 'morphedwhat1', '', '/sounds/nightelfs/actions/demonhunter/what/morphedwhat1.mp3'),
(405, 28, 3, 'morphedwhat3', '', '/sounds/nightelfs/actions/demonhunter/what/morphedwhat3.mp3'),
(406, 28, 3, 'morphedwhat2', '', '/sounds/nightelfs/actions/demonhunter/what/morphedwhat2.mp3'),
(407, 28, 3, 'morphedwhat4', '', '/sounds/nightelfs/actions/demonhunter/what/morphedwhat4.mp3'),
(408, 28, 3, 'morphedwhat5', '', '/sounds/nightelfs/actions/demonhunter/what/morphedwhat5.mp3'),
(409, 28, 3, 'what3', '', '/sounds/nightelfs/actions/demonhunter/what/what3.mp3'),
(410, 28, 3, 'what2', '', '/sounds/nightelfs/actions/demonhunter/what/what2.mp3'),
(411, 28, 3, 'what5', '', '/sounds/nightelfs/actions/demonhunter/what/what5.mp3'),
(412, 28, 3, 'what4', '', '/sounds/nightelfs/actions/demonhunter/what/what4.mp3'),
(413, 28, 4, 'morphedyes1', '', '/sounds/nightelfs/actions/demonhunter/yes/morphedyes1.mp3'),
(414, 28, 4, 'morphedyes3', '', '/sounds/nightelfs/actions/demonhunter/yes/morphedyes3.mp3'),
(415, 28, 4, 'morphedyes2', '', '/sounds/nightelfs/actions/demonhunter/yes/morphedyes2.mp3'),
(416, 28, 4, 'morphedyes4', '', '/sounds/nightelfs/actions/demonhunter/yes/morphedyes4.mp3'),
(417, 28, 4, 'yes1', '', '/sounds/nightelfs/actions/demonhunter/yes/yes1.mp3'),
(418, 28, 4, 'morphedyes5', '', '/sounds/nightelfs/actions/demonhunter/yes/morphedyes5.mp3'),
(419, 28, 4, 'yes3', '', '/sounds/nightelfs/actions/demonhunter/yes/yes3.mp3'),
(420, 28, 4, 'yes2', '', '/sounds/nightelfs/actions/demonhunter/yes/yes2.mp3'),
(421, 28, 4, 'yes4', '', '/sounds/nightelfs/actions/demonhunter/yes/yes4.mp3'),
(422, 28, 3, 'what1', '', '/sounds/nightelfs/actions/demonhunter/what/what1.mp3'),
(423, 35, 5, 'attack1', '', '/sounds/nightelfs/actions/druidoftheclaw/attack/attack1.mp3'),
(424, 35, 5, 'attack3', '', '/sounds/nightelfs/actions/druidoftheclaw/attack/attack3.mp3'),
(425, 35, 5, 'morphedattack1', '', '/sounds/nightelfs/actions/druidoftheclaw/attack/morphedattack1.mp3'),
(426, 35, 7, 'death1', 'Mort', '/sounds/nightelfs/actions/druidoftheclaw/death/death1.mp3'),
(427, 28, 4, 'yes5', '', '/sounds/nightelfs/actions/demonhunter/yes/yes5.mp3'),
(428, 35, 7, 'morpheddeath1', '', '/sounds/nightelfs/actions/druidoftheclaw/death/morpheddeath1.mp3'),
(429, 35, 6, 'fun1', '', '/sounds/nightelfs/actions/druidoftheclaw/fun/fun1.mp3'),
(430, 35, 5, 'attack2', '', '/sounds/nightelfs/actions/druidoftheclaw/attack/attack2.mp3'),
(431, 35, 6, 'fun4', '', '/sounds/nightelfs/actions/druidoftheclaw/fun/fun4.mp3'),
(432, 35, 6, 'fun3', '', '/sounds/nightelfs/actions/druidoftheclaw/fun/fun3.mp3'),
(433, 35, 6, 'fun6', '', '/sounds/nightelfs/actions/druidoftheclaw/fun/fun6.mp3'),
(434, 35, 6, 'fun5', '', '/sounds/nightelfs/actions/druidoftheclaw/fun/fun5.mp3'),
(435, 35, 6, 'morphedfun1', '', '/sounds/nightelfs/actions/druidoftheclaw/fun/morphedfun1.mp3'),
(436, 35, 6, 'morphedfun2', '', '/sounds/nightelfs/actions/druidoftheclaw/fun/morphedfun2.mp3'),
(437, 35, 6, 'fun2', '', '/sounds/nightelfs/actions/druidoftheclaw/fun/fun2.mp3'),
(438, 35, 6, 'morphedfun3', '', '/sounds/nightelfs/actions/druidoftheclaw/fun/morphedfun3.mp3'),
(439, 35, 6, 'fun7', '', '/sounds/nightelfs/actions/druidoftheclaw/fun/fun7.mp3'),
(440, 35, 1, 'ready1', '', '/sounds/nightelfs/actions/druidoftheclaw/ready/ready1.mp3'),
(441, 35, 3, 'morphedwhat1', '', '/sounds/nightelfs/actions/druidoftheclaw/what/morphedwhat1.mp3'),
(442, 35, 2, 'morphedwarcry1', '', '/sounds/nightelfs/actions/druidoftheclaw/warcry/morphedwarcry1.mp3'),
(443, 35, 3, 'morphedwhat3', '', '/sounds/nightelfs/actions/druidoftheclaw/what/morphedwhat3.mp3'),
(444, 35, 2, 'warcry1', '', '/sounds/nightelfs/actions/druidoftheclaw/warcry/warcry1.mp3'),
(445, 35, 3, 'morphedwhat2', '', '/sounds/nightelfs/actions/druidoftheclaw/what/morphedwhat2.mp3'),
(446, 35, 3, 'what1', '', '/sounds/nightelfs/actions/druidoftheclaw/what/what1.mp3'),
(447, 35, 3, 'what4', '', '/sounds/nightelfs/actions/druidoftheclaw/what/what4.mp3'),
(448, 35, 3, 'what2', '', '/sounds/nightelfs/actions/druidoftheclaw/what/what2.mp3'),
(449, 35, 4, 'morphedyes1', '', '/sounds/nightelfs/actions/druidoftheclaw/yes/morphedyes1.mp3'),
(450, 35, 4, 'morphedyes2', '', '/sounds/nightelfs/actions/druidoftheclaw/yes/morphedyes2.mp3'),
(451, 35, 4, 'morphedyes3', '', '/sounds/nightelfs/actions/druidoftheclaw/yes/morphedyes3.mp3'),
(452, 35, 3, 'what3', '', '/sounds/nightelfs/actions/druidoftheclaw/what/what3.mp3'),
(453, 35, 4, 'yes2', '', '/sounds/nightelfs/actions/druidoftheclaw/yes/yes2.mp3'),
(454, 35, 4, 'yes1', '', '/sounds/nightelfs/actions/druidoftheclaw/yes/yes1.mp3'),
(455, 35, 4, 'yes3', '', '/sounds/nightelfs/actions/druidoftheclaw/yes/yes3.mp3'),
(456, 36, 5, 'attack1', '', '/sounds/nightelfs/actions/druidofthetalon/attack/attack1.mp3'),
(457, 36, 5, 'attack2', '', '/sounds/nightelfs/actions/druidofthetalon/attack/attack2.mp3'),
(458, 36, 7, 'death1', 'Mort', '/sounds/nightelfs/actions/druidofthetalon/death/death1.mp3'),
(459, 36, 5, 'attack3', '', '/sounds/nightelfs/actions/druidofthetalon/attack/attack3.mp3'),
(460, 35, 4, 'yes4', '', '/sounds/nightelfs/actions/druidoftheclaw/yes/yes4.mp3'),
(461, 36, 7, 'morpheddeath1', '', '/sounds/nightelfs/actions/druidofthetalon/death/morpheddeath1.mp3'),
(462, 36, 6, 'fun3', '', '/sounds/nightelfs/actions/druidofthetalon/fun/fun3.mp3'),
(463, 36, 6, 'fun1', '', '/sounds/nightelfs/actions/druidofthetalon/fun/fun1.mp3'),
(464, 36, 6, 'fun2', '', '/sounds/nightelfs/actions/druidofthetalon/fun/fun2.mp3'),
(465, 36, 6, 'fun6', '', '/sounds/nightelfs/actions/druidofthetalon/fun/fun6.mp3'),
(466, 36, 6, 'fun5', '', '/sounds/nightelfs/actions/druidofthetalon/fun/fun5.mp3'),
(467, 36, 6, 'fun7', '', '/sounds/nightelfs/actions/druidofthetalon/fun/fun7.mp3'),
(468, 36, 1, 'ready1', '', '/sounds/nightelfs/actions/druidofthetalon/ready/ready1.mp3'),
(469, 36, 2, 'warcry1', '', '/sounds/nightelfs/actions/druidofthetalon/warcry/warcry1.mp3'),
(470, 36, 2, 'morphedwarcry1', '', '/sounds/nightelfs/actions/druidofthetalon/warcry/morphedwarcry1.mp3'),
(471, 36, 3, 'morphedwhat2', '', '/sounds/nightelfs/actions/druidofthetalon/what/morphedwhat2.mp3'),
(472, 36, 6, 'fun4', '', '/sounds/nightelfs/actions/druidofthetalon/fun/fun4.mp3'),
(473, 36, 3, 'morphedwhat1', '', '/sounds/nightelfs/actions/druidofthetalon/what/morphedwhat1.mp3'),
(474, 36, 3, 'what3', '', '/sounds/nightelfs/actions/druidofthetalon/what/what3.mp3'),
(475, 36, 3, 'what1', '', '/sounds/nightelfs/actions/druidofthetalon/what/what1.mp3'),
(476, 36, 3, 'what2', '', '/sounds/nightelfs/actions/druidofthetalon/what/what2.mp3'),
(477, 36, 3, 'what4', '', '/sounds/nightelfs/actions/druidofthetalon/what/what4.mp3'),
(478, 36, 4, 'morphedyes1', '', '/sounds/nightelfs/actions/druidofthetalon/yes/morphedyes1.mp3'),
(479, 36, 4, 'yes1', '', '/sounds/nightelfs/actions/druidofthetalon/yes/yes1.mp3'),
(480, 36, 4, 'morphedyes2', '', '/sounds/nightelfs/actions/druidofthetalon/yes/morphedyes2.mp3'),
(481, 36, 4, 'yes3', '', '/sounds/nightelfs/actions/druidofthetalon/yes/yes3.mp3'),
(482, 36, 4, 'morphedyes3', '', '/sounds/nightelfs/actions/druidofthetalon/yes/morphedyes3.mp3'),
(483, 36, 4, 'yes4', '', '/sounds/nightelfs/actions/druidofthetalon/yes/yes4.mp3'),
(484, 34, 5, 'attack2', '', '/sounds/nightelfs/actions/dryad/attack/attack2.mp3'),
(485, 36, 4, 'yes2', '', '/sounds/nightelfs/actions/druidofthetalon/yes/yes2.mp3'),
(486, 34, 7, 'death1', 'Mort', '/sounds/nightelfs/actions/dryad/death/death1.mp3'),
(487, 34, 6, 'fun1', '', '/sounds/nightelfs/actions/dryad/fun/fun1.mp3'),
(488, 34, 5, 'attack4', '', '/sounds/nightelfs/actions/dryad/attack/attack4.mp3'),
(489, 34, 6, 'fun2', '', '/sounds/nightelfs/actions/dryad/fun/fun2.mp3'),
(490, 34, 5, 'attack3', '', '/sounds/nightelfs/actions/dryad/attack/attack3.mp3'),
(491, 34, 6, 'fun3', '', '/sounds/nightelfs/actions/dryad/fun/fun3.mp3'),
(492, 34, 6, 'fun6', '', '/sounds/nightelfs/actions/dryad/fun/fun6.mp3'),
(493, 34, 6, 'fun5', '', '/sounds/nightelfs/actions/dryad/fun/fun5.mp3'),
(494, 34, 6, 'fun8', '', '/sounds/nightelfs/actions/dryad/fun/fun8.mp3'),
(495, 34, 6, 'fun4', '', '/sounds/nightelfs/actions/dryad/fun/fun4.mp3'),
(496, 34, 6, 'fun9', '', '/sounds/nightelfs/actions/dryad/fun/fun9.mp3'),
(497, 34, 1, 'ready1', '', '/sounds/nightelfs/actions/dryad/ready/ready1.mp3'),
(498, 34, 2, 'warcry1', '', '/sounds/nightelfs/actions/dryad/warcry/warcry1.mp3'),
(499, 34, 6, 'fun7', '', '/sounds/nightelfs/actions/dryad/fun/fun7.mp3'),
(500, 34, 3, 'what2', '', '/sounds/nightelfs/actions/dryad/what/what2.mp3'),
(501, 34, 3, 'what3', '', '/sounds/nightelfs/actions/dryad/what/what3.mp3'),
(502, 34, 4, 'yes1', '', '/sounds/nightelfs/actions/dryad/yes/yes1.mp3'),
(503, 34, 3, 'what1', '', '/sounds/nightelfs/actions/dryad/what/what1.mp3'),
(504, 34, 4, 'yes3', '', '/sounds/nightelfs/actions/dryad/yes/yes3.mp3'),
(505, 34, 3, 'what4', '', '/sounds/nightelfs/actions/dryad/what/what4.mp3'),
(506, 34, 4, 'yes2', '', '/sounds/nightelfs/actions/dryad/yes/yes2.mp3'),
(507, 73, 5, 'attack1', '', '/sounds/nightelfs/actions/furion/attack/attack1.mp3'),
(508, 34, 4, 'yes4', '', '/sounds/nightelfs/actions/dryad/yes/yes4.mp3'),
(509, 73, 5, 'attack2', '', '/sounds/nightelfs/actions/furion/attack/attack2.mp3'),
(510, 73, 6, 'fun1', '', '/sounds/nightelfs/actions/furion/fun/fun1.mp3'),
(511, 73, 5, 'attack4', '', '/sounds/nightelfs/actions/furion/attack/attack4.mp3'),
(512, 73, 6, 'fun3', '', '/sounds/nightelfs/actions/furion/fun/fun3.mp3'),
(513, 73, 5, 'attack3', '', '/sounds/nightelfs/actions/furion/attack/attack3.mp3'),
(514, 73, 6, 'fun5', '', '/sounds/nightelfs/actions/furion/fun/fun5.mp3'),
(515, 73, 6, 'fun2', '', '/sounds/nightelfs/actions/furion/fun/fun2.mp3'),
(516, 73, 2, 'warcry1', '', '/sounds/nightelfs/actions/furion/warcry/warcry1.mp3'),
(517, 73, 6, 'fun4', '', '/sounds/nightelfs/actions/furion/fun/fun4.mp3'),
(518, 73, 3, 'what1', '', '/sounds/nightelfs/actions/furion/what/what1.mp3'),
(519, 73, 3, 'what4', '', '/sounds/nightelfs/actions/furion/what/what4.mp3'),
(520, 73, 3, 'what3', '', '/sounds/nightelfs/actions/furion/what/what3.mp3'),
(521, 73, 4, 'yes2', '', '/sounds/nightelfs/actions/furion/yes/yes2.mp3'),
(522, 73, 3, 'what2', '', '/sounds/nightelfs/actions/furion/what/what2.mp3'),
(523, 73, 4, 'yes1', '', '/sounds/nightelfs/actions/furion/yes/yes1.mp3'),
(524, 73, 4, 'yes3', '', '/sounds/nightelfs/actions/furion/yes/yes3.mp3'),
(525, 37, 5, 'attack1', '', '/sounds/nightelfs/actions/hippogryphrider/attack/attack1.mp3'),
(526, 37, 5, 'attack3', '', '/sounds/nightelfs/actions/hippogryphrider/attack/attack3.mp3'),
(527, 37, 7, 'death1', 'Mort', '/sounds/nightelfs/actions/hippogryphrider/death/death1.mp3'),
(528, 73, 4, 'yes4', '', '/sounds/nightelfs/actions/furion/yes/yes4.mp3'),
(529, 37, 5, 'attack2', '', '/sounds/nightelfs/actions/hippogryphrider/attack/attack2.mp3'),
(530, 37, 6, 'fun3', '', '/sounds/nightelfs/actions/hippogryphrider/fun/fun3.mp3'),
(531, 37, 6, 'fun4', '', '/sounds/nightelfs/actions/hippogryphrider/fun/fun4.mp3'),
(532, 37, 6, 'fun2', '', '/sounds/nightelfs/actions/hippogryphrider/fun/fun2.mp3'),
(533, 37, 1, 'ready1', '', '/sounds/nightelfs/actions/hippogryphrider/ready/ready1.mp3'),
(534, 37, 2, 'warcry1', '', '/sounds/nightelfs/actions/hippogryphrider/warcry/warcry1.mp3'),
(535, 37, 3, 'what1', '', '/sounds/nightelfs/actions/hippogryphrider/what/what1.mp3'),
(536, 37, 6, 'fun1', '', '/sounds/nightelfs/actions/hippogryphrider/fun/fun1.mp3'),
(537, 37, 3, 'what2', '', '/sounds/nightelfs/actions/hippogryphrider/what/what2.mp3'),
(538, 37, 4, 'yes2', '', '/sounds/nightelfs/actions/hippogryphrider/yes/yes2.mp3'),
(539, 37, 3, 'what3', '', '/sounds/nightelfs/actions/hippogryphrider/what/what3.mp3'),
(540, 37, 4, 'yes3', '', '/sounds/nightelfs/actions/hippogryphrider/yes/yes3.mp3'),
(541, 37, 4, 'yes4', '', '/sounds/nightelfs/actions/hippogryphrider/yes/yes4.mp3'),
(542, 33, 5, 'attack1', 'Cherche !', '/sounds/nightelfs/actions/huntress/attack/attack1.mp3'),
(543, 33, 5, 'attack3', 'Craignez la nuit !', '/sounds/nightelfs/actions/huntress/attack/attack3.mp3'),
(544, 37, 4, 'yes1', '', '/sounds/nightelfs/actions/hippogryphrider/yes/yes1.mp3'),
(545, 33, 5, 'attack2', 'Trouve !', '/sounds/nightelfs/actions/huntress/attack/attack2.mp3'),
(546, 33, 6, 'fun1', 'Il y a les bons chausseurs, et les mauvais chasseurs.', '/sounds/nightelfs/actions/huntress/fun/fun1.mp3'),
(547, 33, 5, 'attack5', 'Ils vont souffrir...', '/sounds/nightelfs/actions/huntress/attack/attack5.mp3'),
(548, 33, 6, 'fun2', 'Chasseurs, chasseuses, on vous ment, on vous spolie !', '/sounds/nightelfs/actions/huntress/fun/fun2.mp3'),
(549, 33, 5, 'attack4', 'Faites vos prières...', '/sounds/nightelfs/actions/huntress/attack/attack4.mp3'),
(550, 33, 6, 'fun4', 'La Chasseresse, Diane la Chasseresse.', '/sounds/nightelfs/actions/huntress/fun/fun4.mp3'),
(551, 33, 6, 'fun6', 'Vous avez reçu... 1... Email.', '/sounds/nightelfs/actions/huntress/fun/fun6.mp3'),
(552, 33, 6, 'fun5', 'Et ne me confondez pas avec Xena.', '/sounds/nightelfs/actions/huntress/fun/fun5.mp3'),
(553, 33, 6, 'fun7', 'Vole, Bubo !', '/sounds/nightelfs/actions/huntress/fun/fun7.mp3'),
(554, 33, 6, 'fun8', 'La voie du click est impénétrable.', '/sounds/nightelfs/actions/huntress/fun/fun8.mp3'),
(555, 33, 1, 'ready1', 'Déesse, montre-moi la voie...', '/sounds/nightelfs/actions/huntress/ready/ready1.mp3'),
(556, 33, 6, 'fun3', 'Il y en a même qui m''appellent "madame" le chasseur.', '/sounds/nightelfs/actions/huntress/fun/fun3.mp3'),
(557, 33, 2, 'warcry1', 'Pour notre Mère !', '/sounds/nightelfs/actions/huntress/warcry/warcry1.mp3'),
(558, 33, 3, 'what3', 'Je suis prète.', '/sounds/nightelfs/actions/huntress/what/what3.mp3'),
(559, 33, 3, 'what1', 'Faites vite.', '/sounds/nightelfs/actions/huntress/what/what1.mp3'),
(560, 33, 3, 'what4', 'Parlez...', '/sounds/nightelfs/actions/huntress/what/what4.mp3'),
(561, 33, 3, 'what2', 'En position...', '/sounds/nightelfs/actions/huntress/what/what2.mp3'),
(562, 33, 4, 'yes1', 'Absolument.', '/sounds/nightelfs/actions/huntress/yes/yes1.mp3'),
(563, 33, 3, 'what5', 'Je suis à vos ordres...', '/sounds/nightelfs/actions/huntress/what/what5.mp3'),
(564, 33, 4, 'yes4', 'Je me fond dans les ténèbres.', '/sounds/nightelfs/actions/huntress/yes/yes4.mp3'),
(565, 33, 4, 'yes5', 'Ma patience est récompensée.', '/sounds/nightelfs/actions/huntress/yes/yes5.mp3'),
(566, 33, 4, 'yes3', 'Comme le souhaite la déesse.', '/sounds/nightelfs/actions/huntress/yes/yes3.mp3'),
(567, 74, 5, 'attack1', '', '/sounds/nightelfs/actions/illidan/attack/attack1.mp3'),
(568, 33, 4, 'yes2', 'Je ne crains rien.', '/sounds/nightelfs/actions/huntress/yes/yes2.mp3'),
(569, 74, 5, 'attack2', '', '/sounds/nightelfs/actions/illidan/attack/attack2.mp3'),
(570, 74, 5, 'attack3', '', '/sounds/nightelfs/actions/illidan/attack/attack3.mp3'),
(571, 74, 6, 'fun2', '', '/sounds/nightelfs/actions/illidan/fun/fun2.mp3'),
(572, 74, 6, 'fun3', '', '/sounds/nightelfs/actions/illidan/fun/fun3.mp3'),
(573, 74, 6, 'fun5', '', '/sounds/nightelfs/actions/illidan/fun/fun5.mp3'),
(574, 74, 6, 'fun1', '', '/sounds/nightelfs/actions/illidan/fun/fun1.mp3'),
(575, 74, 6, 'fun4', '', '/sounds/nightelfs/actions/illidan/fun/fun4.mp3'),
(576, 74, 2, 'warcry1', '', '/sounds/nightelfs/actions/illidan/warcry/warcry1.mp3'),
(577, 74, 3, 'what2', '', '/sounds/nightelfs/actions/illidan/what/what2.mp3'),
(578, 74, 3, 'what4', '', '/sounds/nightelfs/actions/illidan/what/what4.mp3'),
(579, 74, 3, 'what1', '', '/sounds/nightelfs/actions/illidan/what/what1.mp3'),
(580, 74, 3, 'what3', '', '/sounds/nightelfs/actions/illidan/what/what3.mp3'),
(581, 74, 4, 'yes2', '', '/sounds/nightelfs/actions/illidan/yes/yes2.mp3'),
(582, 74, 4, 'yes4', '', '/sounds/nightelfs/actions/illidan/yes/yes4.mp3'),
(583, 74, 4, 'yes3', '', '/sounds/nightelfs/actions/illidan/yes/yes3.mp3'),
(584, 75, 5, 'attack2', '', '/sounds/nightelfs/actions/illidanmorphed/attack/attack2.mp3'),
(585, 74, 4, 'yes1', '', '/sounds/nightelfs/actions/illidan/yes/yes1.mp3'),
(586, 75, 5, 'attack1', '', '/sounds/nightelfs/actions/illidanmorphed/attack/attack1.mp3'),
(587, 75, 6, 'fun2', '', '/sounds/nightelfs/actions/illidanmorphed/fun/fun2.mp3'),
(588, 75, 5, 'attack3', '', '/sounds/nightelfs/actions/illidanmorphed/attack/attack3.mp3'),
(589, 75, 6, 'fun4', '', '/sounds/nightelfs/actions/illidanmorphed/fun/fun4.mp3'),
(590, 75, 6, 'fun3', '', '/sounds/nightelfs/actions/illidanmorphed/fun/fun3.mp3'),
(591, 75, 2, 'warcry1', '', '/sounds/nightelfs/actions/illidanmorphed/warcry/warcry1.mp3'),
(592, 75, 6, 'fun5', '', '/sounds/nightelfs/actions/illidanmorphed/fun/fun5.mp3'),
(593, 75, 6, 'fun1', '', '/sounds/nightelfs/actions/illidanmorphed/fun/fun1.mp3'),
(594, 75, 3, 'what1', '', '/sounds/nightelfs/actions/illidanmorphed/what/what1.mp3'),
(595, 75, 3, 'what4', '', '/sounds/nightelfs/actions/illidanmorphed/what/what4.mp3'),
(596, 75, 3, 'what2', '', '/sounds/nightelfs/actions/illidanmorphed/what/what2.mp3'),
(597, 75, 4, 'yes2', '', '/sounds/nightelfs/actions/illidanmorphed/yes/yes2.mp3'),
(598, 75, 3, 'what3', '', '/sounds/nightelfs/actions/illidanmorphed/what/what3.mp3'),
(599, 75, 4, 'yes4', '', '/sounds/nightelfs/actions/illidanmorphed/yes/yes4.mp3'),
(600, 75, 4, 'yes3', '', '/sounds/nightelfs/actions/illidanmorphed/yes/yes3.mp3'),
(601, 29, 5, 'attack1', '', '/sounds/nightelfs/actions/keeperofthegrove/attack/attack1.mp3'),
(602, 29, 5, 'attack2', '', '/sounds/nightelfs/actions/keeperofthegrove/attack/attack2.mp3'),
(603, 29, 5, 'attack3', '', '/sounds/nightelfs/actions/keeperofthegrove/attack/attack3.mp3'),
(604, 29, 7, 'death1', 'Mort', '/sounds/nightelfs/actions/keeperofthegrove/death/death1.mp3'),
(605, 29, 6, 'fun1', '', '/sounds/nightelfs/actions/keeperofthegrove/fun/fun1.mp3'),
(606, 75, 4, 'yes1', '', '/sounds/nightelfs/actions/illidanmorphed/yes/yes1.mp3'),
(607, 29, 6, 'fun2', '', '/sounds/nightelfs/actions/keeperofthegrove/fun/fun2.mp3'),
(608, 29, 6, 'fun5', '', '/sounds/nightelfs/actions/keeperofthegrove/fun/fun5.mp3'),
(609, 29, 6, 'fun4', '', '/sounds/nightelfs/actions/keeperofthegrove/fun/fun4.mp3'),
(610, 29, 1, 'ready1', '', '/sounds/nightelfs/actions/keeperofthegrove/ready/ready1.mp3'),
(611, 29, 6, 'fun3', '', '/sounds/nightelfs/actions/keeperofthegrove/fun/fun3.mp3'),
(612, 29, 2, 'warcry1', '', '/sounds/nightelfs/actions/keeperofthegrove/warcry/warcry1.mp3'),
(613, 29, 6, 'fun6', '', '/sounds/nightelfs/actions/keeperofthegrove/fun/fun6.mp3'),
(614, 29, 3, 'what2', '', '/sounds/nightelfs/actions/keeperofthegrove/what/what2.mp3'),
(615, 29, 3, 'what4', '', '/sounds/nightelfs/actions/keeperofthegrove/what/what4.mp3'),
(616, 29, 3, 'what1', '', '/sounds/nightelfs/actions/keeperofthegrove/what/what1.mp3'),
(617, 29, 3, 'what5', '', '/sounds/nightelfs/actions/keeperofthegrove/what/what5.mp3'),
(618, 29, 3, 'what3', '', '/sounds/nightelfs/actions/keeperofthegrove/what/what3.mp3'),
(619, 29, 4, 'yes1', '', '/sounds/nightelfs/actions/keeperofthegrove/yes/yes1.mp3'),
(620, 29, 4, 'yes2', '', '/sounds/nightelfs/actions/keeperofthegrove/yes/yes2.mp3'),
(621, 29, 4, 'yes4', '', '/sounds/nightelfs/actions/keeperofthegrove/yes/yes4.mp3'),
(622, 29, 4, 'yes5', '', '/sounds/nightelfs/actions/keeperofthegrove/yes/yes5.mp3'),
(623, 30, 5, 'attack2', '', '/sounds/nightelfs/actions/moonpriestess/attack/attack2.mp3'),
(624, 30, 5, 'attack3', '', '/sounds/nightelfs/actions/moonpriestess/attack/attack3.mp3'),
(625, 29, 4, 'yes3', '', '/sounds/nightelfs/actions/keeperofthegrove/yes/yes3.mp3'),
(626, 30, 5, 'attack1', '', '/sounds/nightelfs/actions/moonpriestess/attack/attack1.mp3'),
(627, 30, 6, 'fun2', '', '/sounds/nightelfs/actions/moonpriestess/fun/fun2.mp3'),
(628, 30, 7, 'death1', 'Mort', '/sounds/nightelfs/actions/moonpriestess/death/death1.mp3'),
(629, 30, 6, 'fun3', '', '/sounds/nightelfs/actions/moonpriestess/fun/fun3.mp3'),
(630, 30, 6, 'fun5', '', '/sounds/nightelfs/actions/moonpriestess/fun/fun5.mp3'),
(631, 30, 6, 'fun6', '', '/sounds/nightelfs/actions/moonpriestess/fun/fun6.mp3'),
(632, 30, 6, 'fun4', '', '/sounds/nightelfs/actions/moonpriestess/fun/fun4.mp3'),
(633, 30, 1, 'ready1', '', '/sounds/nightelfs/actions/moonpriestess/ready/ready1.mp3'),
(634, 30, 2, 'warcry1', '', '/sounds/nightelfs/actions/moonpriestess/warcry/warcry1.mp3'),
(635, 30, 3, 'what1', '', '/sounds/nightelfs/actions/moonpriestess/what/what1.mp3'),
(636, 30, 3, 'what2', '', '/sounds/nightelfs/actions/moonpriestess/what/what2.mp3'),
(637, 30, 3, 'what3', '', '/sounds/nightelfs/actions/moonpriestess/what/what3.mp3'),
(638, 30, 6, 'fun1', '', '/sounds/nightelfs/actions/moonpriestess/fun/fun1.mp3'),
(639, 30, 3, 'what4', '', '/sounds/nightelfs/actions/moonpriestess/what/what4.mp3'),
(640, 30, 4, 'yes3', '', '/sounds/nightelfs/actions/moonpriestess/yes/yes3.mp3'),
(641, 30, 4, 'yes1', '', '/sounds/nightelfs/actions/moonpriestess/yes/yes1.mp3'),
(642, 30, 4, 'yes4', '', '/sounds/nightelfs/actions/moonpriestess/yes/yes4.mp3'),
(643, 76, 5, 'attack1', '', '/sounds/nightelfs/actions/shandris/attack/attack1.mp3'),
(644, 76, 5, 'attack3', '', '/sounds/nightelfs/actions/shandris/attack/attack3.mp3'),
(645, 30, 4, 'yes2', '', '/sounds/nightelfs/actions/moonpriestess/yes/yes2.mp3'),
(646, 76, 5, 'attack2', '', '/sounds/nightelfs/actions/shandris/attack/attack2.mp3'),
(647, 76, 6, 'fun1', '', '/sounds/nightelfs/actions/shandris/fun/fun1.mp3'),
(648, 76, 6, 'fun3', '', '/sounds/nightelfs/actions/shandris/fun/fun3.mp3'),
(649, 76, 6, 'fun4', '', '/sounds/nightelfs/actions/shandris/fun/fun4.mp3'),
(650, 76, 2, 'warcry1', '', '/sounds/nightelfs/actions/shandris/warcry/warcry1.mp3'),
(651, 76, 3, 'what2', '', '/sounds/nightelfs/actions/shandris/what/what2.mp3'),
(652, 76, 3, 'what1', '', '/sounds/nightelfs/actions/shandris/what/what1.mp3'),
(653, 76, 3, 'what3', '', '/sounds/nightelfs/actions/shandris/what/what3.mp3'),
(654, 76, 4, 'yes1', '', '/sounds/nightelfs/actions/shandris/yes/yes1.mp3'),
(655, 76, 4, 'yes2', '', '/sounds/nightelfs/actions/shandris/yes/yes2.mp3'),
(656, 76, 4, 'yes3', '', '/sounds/nightelfs/actions/shandris/yes/yes3.mp3'),
(657, 77, 6, 'fun2', '', '/sounds/nightelfs/actions/sylvanas/fun/fun2.mp3'),
(658, 77, 6, 'fun1', '', '/sounds/nightelfs/actions/sylvanas/fun/fun1.mp3'),
(659, 77, 6, 'fun4', '', '/sounds/nightelfs/actions/sylvanas/fun/fun4.mp3'),
(660, 77, 6, 'fun5', '', '/sounds/nightelfs/actions/sylvanas/fun/fun5.mp3'),
(661, 77, 6, 'fun3', '', '/sounds/nightelfs/actions/sylvanas/fun/fun3.mp3'),
(662, 77, 2, 'warcry1', '', '/sounds/nightelfs/actions/sylvanas/warcry/warcry1.mp3'),
(663, 77, 3, 'what1', '', '/sounds/nightelfs/actions/sylvanas/what/what1.mp3'),
(664, 77, 3, 'what2', '', '/sounds/nightelfs/actions/sylvanas/what/what2.mp3'),
(665, 77, 3, 'what3', '', '/sounds/nightelfs/actions/sylvanas/what/what3.mp3'),
(666, 77, 3, 'what4', '', '/sounds/nightelfs/actions/sylvanas/what/what4.mp3'),
(667, 78, 5, 'attack1', '', '/sounds/nightelfs/actions/tyrande/attack/attack1.mp3'),
(668, 78, 5, 'attack2', '', '/sounds/nightelfs/actions/tyrande/attack/attack2.mp3'),
(669, 78, 5, 'attack3', '', '/sounds/nightelfs/actions/tyrande/attack/attack3.mp3'),
(670, 78, 5, 'attack4', '', '/sounds/nightelfs/actions/tyrande/attack/attack4.mp3'),
(671, 78, 6, 'fun1', '', '/sounds/nightelfs/actions/tyrande/fun/fun1.mp3'),
(672, 78, 6, 'fun2', '', '/sounds/nightelfs/actions/tyrande/fun/fun2.mp3'),
(673, 78, 6, 'fun3', '', '/sounds/nightelfs/actions/tyrande/fun/fun3.mp3'),
(674, 76, 6, 'fun2', '', '/sounds/nightelfs/actions/shandris/fun/fun2.mp3'),
(675, 78, 6, 'fun5', '', '/sounds/nightelfs/actions/tyrande/fun/fun5.mp3'),
(676, 78, 2, 'warcry1', '', '/sounds/nightelfs/actions/tyrande/warcry/warcry1.mp3'),
(677, 78, 3, 'what2', '', '/sounds/nightelfs/actions/tyrande/what/what2.mp3'),
(678, 78, 6, 'fun4', '', '/sounds/nightelfs/actions/tyrande/fun/fun4.mp3'),
(679, 78, 3, 'what1', '', '/sounds/nightelfs/actions/tyrande/what/what1.mp3'),
(680, 78, 4, 'yes1', '', '/sounds/nightelfs/actions/tyrande/yes/yes1.mp3'),
(681, 78, 3, 'what3', '', '/sounds/nightelfs/actions/tyrande/what/what3.mp3'),
(682, 78, 4, 'yes3', '', '/sounds/nightelfs/actions/tyrande/yes/yes3.mp3'),
(683, 78, 3, 'what4', '', '/sounds/nightelfs/actions/tyrande/what/what4.mp3'),
(684, 58, 5, 'attack1', '', '/sounds/neutrals/actions/bandit/attack/attack1.mp3'),
(685, 78, 4, 'yes4', '', '/sounds/nightelfs/actions/tyrande/yes/yes4.mp3'),
(686, 58, 5, 'attack2', '', '/sounds/neutrals/actions/bandit/attack/attack2.mp3'),
(687, 78, 4, 'yes2', '', '/sounds/nightelfs/actions/tyrande/yes/yes2.mp3'),
(688, 58, 7, 'death1', 'Mort', '/sounds/neutrals/actions/bandit/death/death1.mp3'),
(689, 58, 5, 'attack3', '', '/sounds/neutrals/actions/bandit/attack/attack3.mp3'),
(690, 58, 6, 'fun2', '', '/sounds/neutrals/actions/bandit/fun/fun2.mp3'),
(691, 58, 6, 'fun1', '', '/sounds/neutrals/actions/bandit/fun/fun1.mp3'),
(692, 58, 6, 'fun3', '', '/sounds/neutrals/actions/bandit/fun/fun3.mp3'),
(693, 58, 2, 'warcry1', '', '/sounds/neutrals/actions/bandit/warcry/warcry1.mp3'),
(694, 58, 6, 'fun5', '', '/sounds/neutrals/actions/bandit/fun/fun5.mp3'),
(695, 58, 3, 'what1', '', '/sounds/neutrals/actions/bandit/what/what1.mp3'),
(696, 58, 6, 'fun4', '', '/sounds/neutrals/actions/bandit/fun/fun4.mp3'),
(697, 58, 3, 'what2', '', '/sounds/neutrals/actions/bandit/what/what2.mp3'),
(698, 58, 3, 'what3', '', '/sounds/neutrals/actions/bandit/what/what3.mp3'),
(699, 58, 4, 'yes3', '', '/sounds/neutrals/actions/bandit/yes/yes3.mp3'),
(700, 66, 5, 'attack1', '', '/sounds/neutrals/actions/foresttroll/attack/attack1.mp3'),
(701, 58, 4, 'yes2', '', '/sounds/neutrals/actions/bandit/yes/yes2.mp3'),
(702, 66, 5, 'attack2', '', '/sounds/neutrals/actions/foresttroll/attack/attack2.mp3'),
(703, 58, 4, 'yes1', '', '/sounds/neutrals/actions/bandit/yes/yes1.mp3'),
(704, 66, 5, 'attack3', '', '/sounds/neutrals/actions/foresttroll/attack/attack3.mp3'),
(705, 66, 6, 'fun1', '', '/sounds/neutrals/actions/foresttroll/fun/fun1.mp3'),
(706, 66, 7, 'death1', '', '/sounds/neutrals/actions/foresttroll/death/death1.mp3'),
(707, 66, 6, 'fun3', '', '/sounds/neutrals/actions/foresttroll/fun/fun3.mp3'),
(708, 66, 5, 'attack4', '', '/sounds/neutrals/actions/foresttroll/attack/attack4.mp3'),
(709, 66, 6, 'fun5', '', '/sounds/neutrals/actions/foresttroll/fun/fun5.mp3'),
(710, 66, 6, 'fun4', '', '/sounds/neutrals/actions/foresttroll/fun/fun4.mp3'),
(711, 66, 6, 'fun2', '', '/sounds/neutrals/actions/foresttroll/fun/fun2.mp3'),
(712, 66, 1, 'ready1', '', '/sounds/neutrals/actions/foresttroll/ready/ready1.mp3'),
(713, 66, 2, 'warcry1', '', '/sounds/neutrals/actions/foresttroll/warcry/warcry1.mp3'),
(714, 66, 3, 'what2', '', '/sounds/neutrals/actions/foresttroll/what/what2.mp3'),
(715, 66, 6, 'fun6', '', '/sounds/neutrals/actions/foresttroll/fun/fun6.mp3'),
(716, 66, 3, 'what1', '', '/sounds/neutrals/actions/foresttroll/what/what1.mp3'),
(717, 66, 4, 'yes1', '', '/sounds/neutrals/actions/foresttroll/yes/yes1.mp3'),
(718, 66, 3, 'what3', '', '/sounds/neutrals/actions/foresttroll/what/what3.mp3'),
(719, 66, 4, 'yes3', '', '/sounds/neutrals/actions/foresttroll/yes/yes3.mp3'),
(720, 66, 3, 'what4', '', '/sounds/neutrals/actions/foresttroll/what/what4.mp3'),
(721, 66, 4, 'yes4', '', '/sounds/neutrals/actions/foresttroll/yes/yes4.mp3'),
(722, 67, 3, 'what1', '', '/sounds/neutrals/actions/goblinmerchant/what/what1.mp3'),
(723, 66, 4, 'yes2', '', '/sounds/neutrals/actions/foresttroll/yes/yes2.mp3'),
(724, 67, 3, 'what2', '', '/sounds/neutrals/actions/goblinmerchant/what/what2.mp3'),
(725, 68, 5, 'attack1', '', '/sounds/neutrals/actions/goblinsapper/attack/attack1.mp3'),
(726, 68, 5, 'attack2', '', '/sounds/neutrals/actions/goblinsapper/attack/attack2.mp3'),
(727, 67, 3, 'what3', '', '/sounds/neutrals/actions/goblinmerchant/what/what3.mp3'),
(728, 68, 5, 'attack3', '', '/sounds/neutrals/actions/goblinsapper/attack/attack3.mp3'),
(729, 68, 5, 'attack4', '', '/sounds/neutrals/actions/goblinsapper/attack/attack4.mp3'),
(730, 68, 6, 'fun1', '', '/sounds/neutrals/actions/goblinsapper/fun/fun1.mp3'),
(731, 68, 5, 'attack5', '', '/sounds/neutrals/actions/goblinsapper/attack/attack5.mp3'),
(732, 68, 6, 'fun3', '', '/sounds/neutrals/actions/goblinsapper/fun/fun3.mp3'),
(733, 68, 7, 'death1', '', '/sounds/neutrals/actions/goblinsapper/death/death1.mp3'),
(734, 68, 6, 'fun2', '', '/sounds/neutrals/actions/goblinsapper/fun/fun2.mp3'),
(735, 68, 6, 'fun6', '', '/sounds/neutrals/actions/goblinsapper/fun/fun6.mp3'),
(736, 68, 6, 'fun5', '', '/sounds/neutrals/actions/goblinsapper/fun/fun5.mp3'),
(737, 68, 6, 'fun4', '', '/sounds/neutrals/actions/goblinsapper/fun/fun4.mp3'),
(738, 68, 1, 'ready1', '', '/sounds/neutrals/actions/goblinsapper/ready/ready1.mp3'),
(739, 68, 2, 'warcry1', '', '/sounds/neutrals/actions/goblinsapper/warcry/warcry1.mp3'),
(740, 68, 3, 'what1', '', '/sounds/neutrals/actions/goblinsapper/what/what1.mp3'),
(741, 68, 3, 'what3', '', '/sounds/neutrals/actions/goblinsapper/what/what3.mp3'),
(742, 68, 3, 'what4', '', '/sounds/neutrals/actions/goblinsapper/what/what4.mp3'),
(743, 68, 6, 'fun7', '', '/sounds/neutrals/actions/goblinsapper/fun/fun7.mp3'),
(744, 68, 3, 'what2', '', '/sounds/neutrals/actions/goblinsapper/what/what2.mp3'),
(745, 68, 4, 'yes2', '', '/sounds/neutrals/actions/goblinsapper/yes/yes2.mp3'),
(746, 68, 3, 'what5', '', '/sounds/neutrals/actions/goblinsapper/what/what5.mp3'),
(747, 68, 4, 'yes3', '', '/sounds/neutrals/actions/goblinsapper/yes/yes3.mp3'),
(748, 68, 4, 'yes1', '', '/sounds/neutrals/actions/goblinsapper/yes/yes1.mp3'),
(749, 68, 4, 'yes4', '', '/sounds/neutrals/actions/goblinsapper/yes/yes4.mp3'),
(750, 69, 7, 'death1', '', '/sounds/neutrals/actions/goblinzeppelin/death/death1.mp3'),
(751, 69, 6, 'fun1', '', '/sounds/neutrals/actions/goblinzeppelin/fun/fun1.mp3'),
(752, 69, 6, 'fun2', '', '/sounds/neutrals/actions/goblinzeppelin/fun/fun2.mp3'),
(753, 69, 6, 'fun4', '', '/sounds/neutrals/actions/goblinzeppelin/fun/fun4.mp3'),
(754, 69, 6, 'fun5', '', '/sounds/neutrals/actions/goblinzeppelin/fun/fun5.mp3'),
(755, 69, 6, 'fun3', '', '/sounds/neutrals/actions/goblinzeppelin/fun/fun3.mp3'),
(756, 69, 6, 'fun6', '', '/sounds/neutrals/actions/goblinzeppelin/fun/fun6.mp3'),
(757, 69, 1, 'ready1', '', '/sounds/neutrals/actions/goblinzeppelin/ready/ready1.mp3'),
(758, 69, 3, 'what2', '', '/sounds/neutrals/actions/goblinzeppelin/what/what2.mp3'),
(759, 69, 3, 'what3', '', '/sounds/neutrals/actions/goblinzeppelin/what/what3.mp3'),
(760, 68, 4, 'yes5', '', '/sounds/neutrals/actions/goblinsapper/yes/yes5.mp3'),
(761, 69, 3, 'what1', '', '/sounds/neutrals/actions/goblinzeppelin/what/what1.mp3'),
(762, 69, 4, 'yes1', '', '/sounds/neutrals/actions/goblinzeppelin/yes/yes1.mp3'),
(763, 69, 3, 'what4', '', '/sounds/neutrals/actions/goblinzeppelin/what/what4.mp3'),
(764, 69, 4, 'yes3', '', '/sounds/neutrals/actions/goblinzeppelin/yes/yes3.mp3'),
(765, 69, 4, 'yes2', '', '/sounds/neutrals/actions/goblinzeppelin/yes/yes2.mp3'),
(766, 70, 5, 'attack1', '', '/sounds/neutrals/actions/icetroll/attack/attack1.mp3'),
(767, 69, 4, 'yes4', '', '/sounds/neutrals/actions/goblinzeppelin/yes/yes4.mp3'),
(768, 70, 5, 'attack2', '', '/sounds/neutrals/actions/icetroll/attack/attack2.mp3'),
(769, 70, 6, 'fun2', '', '/sounds/neutrals/actions/icetroll/fun/fun2.mp3'),
(770, 70, 7, 'death1', '', '/sounds/neutrals/actions/icetroll/death/death1.mp3'),
(771, 70, 6, 'fun1', '', '/sounds/neutrals/actions/icetroll/fun/fun1.mp3'),
(772, 70, 6, 'fun4', '', '/sounds/neutrals/actions/icetroll/fun/fun4.mp3'),
(773, 70, 1, 'ready1', '', '/sounds/neutrals/actions/icetroll/ready/ready1.mp3'),
(774, 70, 2, 'warcry1', '', '/sounds/neutrals/actions/icetroll/warcry/warcry1.mp3'),
(775, 70, 3, 'what1', '', '/sounds/neutrals/actions/icetroll/what/what1.mp3'),
(776, 70, 6, 'fun3', '', '/sounds/neutrals/actions/icetroll/fun/fun3.mp3'),
(777, 70, 3, 'what3', '', '/sounds/neutrals/actions/icetroll/what/what3.mp3'),
(778, 70, 3, 'what5', '', '/sounds/neutrals/actions/icetroll/what/what5.mp3'),
(779, 70, 3, 'what2', '', '/sounds/neutrals/actions/icetroll/what/what2.mp3'),
(780, 70, 4, 'yes2', '', '/sounds/neutrals/actions/icetroll/yes/yes2.mp3'),
(781, 70, 3, 'what4', '', '/sounds/neutrals/actions/icetroll/what/what4.mp3'),
(782, 70, 4, 'yes3', '', '/sounds/neutrals/actions/icetroll/yes/yes3.mp3'),
(783, 70, 4, 'yes4', '', '/sounds/neutrals/actions/icetroll/yes/yes4.mp3'),
(784, 71, 5, 'attack1', '', '/sounds/neutrals/actions/ogre/attack/attack1.mp3'),
(785, 70, 4, 'yes1', '', '/sounds/neutrals/actions/icetroll/yes/yes1.mp3'),
(786, 71, 5, 'attack2', '', '/sounds/neutrals/actions/ogre/attack/attack2.mp3'),
(787, 70, 4, 'yes5', '', '/sounds/neutrals/actions/icetroll/yes/yes5.mp3'),
(788, 71, 5, 'attack3', '', '/sounds/neutrals/actions/ogre/attack/attack3.mp3'),
(789, 71, 6, 'fun2', '', '/sounds/neutrals/actions/ogre/fun/fun2.mp3'),
(790, 71, 7, 'death1', '', '/sounds/neutrals/actions/ogre/death/death1.mp3'),
(791, 71, 6, 'fun3', '', '/sounds/neutrals/actions/ogre/fun/fun3.mp3'),
(792, 71, 6, 'fun4', '', '/sounds/neutrals/actions/ogre/fun/fun4.mp3'),
(793, 71, 1, 'ready1', '', '/sounds/neutrals/actions/ogre/ready/ready1.mp3'),
(794, 71, 6, 'fun5', '', '/sounds/neutrals/actions/ogre/fun/fun5.mp3'),
(795, 71, 6, 'fun1', '', '/sounds/neutrals/actions/ogre/fun/fun1.mp3'),
(796, 71, 2, 'warcry1', '', '/sounds/neutrals/actions/ogre/warcry/warcry1.mp3'),
(797, 71, 3, 'what3', '', '/sounds/neutrals/actions/ogre/what/what3.mp3'),
(798, 71, 3, 'what1', '', '/sounds/neutrals/actions/ogre/what/what1.mp3'),
(799, 71, 4, 'yes1', '', '/sounds/neutrals/actions/ogre/yes/yes1.mp3'),
(800, 71, 3, 'what2', '', '/sounds/neutrals/actions/ogre/what/what2.mp3'),
(801, 71, 4, 'yes3', '', '/sounds/neutrals/actions/ogre/yes/yes3.mp3'),
(802, 71, 3, 'what4', '', '/sounds/neutrals/actions/ogre/what/what4.mp3'),
(803, 55, 5, 'attack1', '', '/sounds/neutrals/actions/pitlord/attack/attack1.mp3'),
(804, 71, 4, 'yes2', '', '/sounds/neutrals/actions/ogre/yes/yes2.mp3'),
(805, 55, 5, 'attack2', '', '/sounds/neutrals/actions/pitlord/attack/attack2.mp3'),
(806, 55, 5, 'attack3', '', '/sounds/neutrals/actions/pitlord/attack/attack3.mp3'),
(807, 71, 4, 'yes4', '', '/sounds/neutrals/actions/ogre/yes/yes4.mp3'),
(808, 55, 3, 'what1', '', '/sounds/neutrals/actions/pitlord/what/what1.mp3'),
(809, 55, 4, 'yes1', '', '/sounds/neutrals/actions/pitlord/yes/yes1.mp3'),
(810, 55, 3, 'what3', '', '/sounds/neutrals/actions/pitlord/what/what3.mp3'),
(811, 55, 4, 'yes2', '', '/sounds/neutrals/actions/pitlord/yes/yes2.mp3'),
(812, 55, 3, 'what2', '', '/sounds/neutrals/actions/pitlord/what/what2.mp3'),
(813, 72, 7, 'death1', '', '/sounds/neutrals/actions/satyre/death/death1.mp3'),
(814, 72, 5, 'attack1', '', '/sounds/neutrals/actions/satyre/attack/attack1.mp3'),
(815, 72, 5, 'attack2', '', '/sounds/neutrals/actions/satyre/attack/attack2.mp3'),
(816, 72, 6, 'fun1', '', '/sounds/neutrals/actions/satyre/fun/fun1.mp3'),
(817, 55, 4, 'yes3', '', '/sounds/neutrals/actions/pitlord/yes/yes3.mp3'),
(818, 72, 5, 'attack3', '', '/sounds/neutrals/actions/satyre/attack/attack3.mp3'),
(819, 72, 6, 'fun2', '', '/sounds/neutrals/actions/satyre/fun/fun2.mp3'),
(820, 72, 6, 'fun4', '', '/sounds/neutrals/actions/satyre/fun/fun4.mp3'),
(821, 72, 6, 'fun3', '', '/sounds/neutrals/actions/satyre/fun/fun3.mp3'),
(822, 72, 1, 'ready1', '', '/sounds/neutrals/actions/satyre/ready/ready1.mp3'),
(823, 72, 2, 'warcry1', '', '/sounds/neutrals/actions/satyre/warcry/warcry1.mp3'),
(824, 72, 3, 'what2', '', '/sounds/neutrals/actions/satyre/what/what2.mp3'),
(825, 72, 3, 'what1', '', '/sounds/neutrals/actions/satyre/what/what1.mp3'),
(826, 72, 3, 'what3', '', '/sounds/neutrals/actions/satyre/what/what3.mp3'),
(827, 72, 4, 'yes2', '', '/sounds/neutrals/actions/satyre/yes/yes2.mp3'),
(828, 72, 4, 'yes1', '', '/sounds/neutrals/actions/satyre/yes/yes1.mp3'),
(829, 72, 4, 'yes4', '', '/sounds/neutrals/actions/satyre/yes/yes4.mp3'),
(830, 15, 5, 'attack1', '', '/sounds/orcs/actions/blademaster/attack/attack1.mp3'),
(831, 72, 6, 'fun5', '', '/sounds/neutrals/actions/satyre/fun/fun5.mp3'),
(832, 72, 4, 'yes3', '', '/sounds/neutrals/actions/satyre/yes/yes3.mp3'),
(833, 15, 5, 'attack3', '', '/sounds/orcs/actions/blademaster/attack/attack3.mp3'),
(834, 15, 7, 'death1', 'Mort', '/sounds/orcs/actions/blademaster/death/death1.mp3'),
(835, 15, 6, 'fun1', '', '/sounds/orcs/actions/blademaster/fun/fun1.mp3'),
(836, 15, 5, 'attack2', '', '/sounds/orcs/actions/blademaster/attack/attack2.mp3'),
(837, 15, 6, 'fun3', '', '/sounds/orcs/actions/blademaster/fun/fun3.mp3'),
(838, 15, 6, 'fun2', '', '/sounds/orcs/actions/blademaster/fun/fun2.mp3'),
(839, 15, 6, 'fun4', '', '/sounds/orcs/actions/blademaster/fun/fun4.mp3'),
(840, 15, 1, 'ready1', '', '/sounds/orcs/actions/blademaster/ready/ready1.mp3'),
(841, 15, 2, 'warcry1', '', '/sounds/orcs/actions/blademaster/warcry/warcry1.mp3'),
(842, 15, 3, 'what1', '', '/sounds/orcs/actions/blademaster/what/what1.mp3'),
(843, 15, 3, 'what2', '', '/sounds/orcs/actions/blademaster/what/what2.mp3'),
(844, 15, 4, 'yes1', '', '/sounds/orcs/actions/blademaster/yes/yes1.mp3'),
(845, 15, 3, 'what4', '', '/sounds/orcs/actions/blademaster/what/what4.mp3'),
(846, 15, 4, 'yes2', '', '/sounds/orcs/actions/blademaster/yes/yes2.mp3'),
(847, 15, 3, 'what3', '', '/sounds/orcs/actions/blademaster/what/what3.mp3'),
(848, 79, 5, 'attack1', '', '/sounds/orcs/actions/cairne/attack/attack1.mp3'),
(849, 15, 4, 'yes4', '', '/sounds/orcs/actions/blademaster/yes/yes4.mp3'),
(850, 79, 5, 'attack2', '', '/sounds/orcs/actions/cairne/attack/attack2.mp3'),
(851, 79, 5, 'attack3', '', '/sounds/orcs/actions/cairne/attack/attack3.mp3'),
(852, 79, 5, 'attack4', '', '/sounds/orcs/actions/cairne/attack/attack4.mp3'),
(853, 79, 6, 'fun2', '', '/sounds/orcs/actions/cairne/fun/fun2.mp3'),
(854, 15, 4, 'yes3', '', '/sounds/orcs/actions/blademaster/yes/yes3.mp3'),
(855, 79, 6, 'fun4', '', '/sounds/orcs/actions/cairne/fun/fun4.mp3'),
(856, 79, 6, 'fun3', '', '/sounds/orcs/actions/cairne/fun/fun3.mp3'),
(857, 79, 6, 'fun1', '', '/sounds/orcs/actions/cairne/fun/fun1.mp3'),
(858, 79, 2, 'warcry1', '', '/sounds/orcs/actions/cairne/warcry/warcry1.mp3'),
(859, 79, 3, 'what1', '', '/sounds/orcs/actions/cairne/what/what1.mp3'),
(860, 79, 6, 'fun5', '', '/sounds/orcs/actions/cairne/fun/fun5.mp3'),
(861, 79, 3, 'what2', '', '/sounds/orcs/actions/cairne/what/what2.mp3'),
(862, 79, 4, 'yes1', '', '/sounds/orcs/actions/cairne/yes/yes1.mp3'),
(863, 79, 3, 'what3', '', '/sounds/orcs/actions/cairne/what/what3.mp3'),
(864, 79, 4, 'yes2', '', '/sounds/orcs/actions/cairne/yes/yes2.mp3'),
(865, 79, 3, 'what4', '', '/sounds/orcs/actions/cairne/what/what4.mp3'),
(866, 79, 4, 'yes4', '', '/sounds/orcs/actions/cairne/yes/yes4.mp3'),
(867, 16, 5, 'attack1', '', '/sounds/orcs/actions/farseer/attack/attack1.mp3'),
(868, 79, 4, 'yes3', '', '/sounds/orcs/actions/cairne/yes/yes3.mp3'),
(869, 16, 5, 'attack3', '', '/sounds/orcs/actions/farseer/attack/attack3.mp3'),
(870, 16, 7, 'death1', 'Mort', '/sounds/orcs/actions/farseer/death/death1.mp3'),
(871, 16, 6, 'fun1', '', '/sounds/orcs/actions/farseer/fun/fun1.mp3'),
(872, 16, 6, 'fun2', '', '/sounds/orcs/actions/farseer/fun/fun2.mp3'),
(873, 16, 5, 'attack2', '', '/sounds/orcs/actions/farseer/attack/attack2.mp3'),
(874, 16, 6, 'fun3', '', '/sounds/orcs/actions/farseer/fun/fun3.mp3'),
(875, 16, 6, 'fun5', '', '/sounds/orcs/actions/farseer/fun/fun5.mp3'),
(876, 16, 1, 'ready1', '', '/sounds/orcs/actions/farseer/ready/ready1.mp3'),
(877, 16, 2, 'warcry1', '', '/sounds/orcs/actions/farseer/warcry/warcry1.mp3'),
(878, 16, 3, 'what1', '', '/sounds/orcs/actions/farseer/what/what1.mp3'),
(879, 16, 6, 'fun4', '', '/sounds/orcs/actions/farseer/fun/fun4.mp3'),
(880, 16, 3, 'what3', '', '/sounds/orcs/actions/farseer/what/what3.mp3'),
(881, 16, 3, 'what4', '', '/sounds/orcs/actions/farseer/what/what4.mp3'),
(882, 16, 4, 'yes1', '', '/sounds/orcs/actions/farseer/yes/yes1.mp3'),
(883, 16, 3, 'what2', '', '/sounds/orcs/actions/farseer/what/what2.mp3'),
(884, 16, 4, 'yes4', '', '/sounds/orcs/actions/farseer/yes/yes4.mp3'),
(885, 16, 4, 'yes2', '', '/sounds/orcs/actions/farseer/yes/yes2.mp3'),
(886, 16, 4, 'yes3', '', '/sounds/orcs/actions/farseer/yes/yes3.mp3'),
(887, 80, 5, 'attack1', '', '/sounds/orcs/actions/grom/attack/attack1.mp3'),
(888, 80, 5, 'attack4', '', '/sounds/orcs/actions/grom/attack/attack4.mp3'),
(889, 80, 5, 'attack2', '', '/sounds/orcs/actions/grom/attack/attack2.mp3'),
(890, 80, 5, 'attack3', '', '/sounds/orcs/actions/grom/attack/attack3.mp3'),
(891, 80, 6, 'fun1', '', '/sounds/orcs/actions/grom/fun/fun1.mp3'),
(892, 80, 2, 'warcry1', '', '/sounds/orcs/actions/grom/warcry/warcry1.mp3'),
(893, 80, 6, 'fun3', '', '/sounds/orcs/actions/grom/fun/fun3.mp3'),
(894, 80, 6, 'fun2', '', '/sounds/orcs/actions/grom/fun/fun2.mp3'),
(895, 80, 3, 'what1', '', '/sounds/orcs/actions/grom/what/what1.mp3'),
(896, 80, 4, 'yes1', '', '/sounds/orcs/actions/grom/yes/yes1.mp3'),
(897, 80, 3, 'what2', '', '/sounds/orcs/actions/grom/what/what2.mp3'),
(898, 80, 3, 'what3', '', '/sounds/orcs/actions/grom/what/what3.mp3'),
(899, 80, 4, 'yes3', '', '/sounds/orcs/actions/grom/yes/yes3.mp3'),
(900, 20, 5, 'attack1', '', '/sounds/orcs/actions/grunt/attack/attack1.mp3'),
(901, 20, 5, 'attack3', '', '/sounds/orcs/actions/grunt/attack/attack3.mp3'),
(902, 20, 5, 'attack2', '', '/sounds/orcs/actions/grunt/attack/attack2.mp3'),
(903, 20, 7, 'death1', 'Mort', '/sounds/orcs/actions/grunt/death/death1.mp3'),
(904, 20, 6, 'fun1', '', '/sounds/orcs/actions/grunt/fun/fun1.mp3'),
(905, 20, 6, 'fun3', '', '/sounds/orcs/actions/grunt/fun/fun3.mp3'),
(906, 80, 4, 'yes2', '', '/sounds/orcs/actions/grom/yes/yes2.mp3'),
(907, 20, 6, 'fun2', '', '/sounds/orcs/actions/grunt/fun/fun2.mp3'),
(908, 20, 6, 'fun6', '', '/sounds/orcs/actions/grunt/fun/fun6.mp3'),
(909, 20, 6, 'fun7', '', '/sounds/orcs/actions/grunt/fun/fun7.mp3'),
(910, 20, 6, 'fun4', '', '/sounds/orcs/actions/grunt/fun/fun4.mp3'),
(911, 20, 1, 'ready1', '', '/sounds/orcs/actions/grunt/ready/ready1.mp3'),
(912, 20, 2, 'warcry1', '', '/sounds/orcs/actions/grunt/warcry/warcry1.mp3'),
(913, 20, 6, 'fun5', '', '/sounds/orcs/actions/grunt/fun/fun5.mp3'),
(914, 20, 3, 'what1', '', '/sounds/orcs/actions/grunt/what/what1.mp3'),
(915, 20, 3, 'what4', '', '/sounds/orcs/actions/grunt/what/what4.mp3'),
(916, 20, 4, 'yes1', '', '/sounds/orcs/actions/grunt/yes/yes1.mp3'),
(917, 20, 3, 'what2', '', '/sounds/orcs/actions/grunt/what/what2.mp3'),
(918, 20, 4, 'yes3', '', '/sounds/orcs/actions/grunt/yes/yes3.mp3'),
(919, 20, 3, 'what3', '', '/sounds/orcs/actions/grunt/what/what3.mp3'),
(920, 21, 5, 'attack1', '', '/sounds/orcs/actions/headhunter/attack/attack1.mp3'),
(921, 20, 4, 'yes4', '', '/sounds/orcs/actions/grunt/yes/yes4.mp3'),
(922, 21, 5, 'attack2', '', '/sounds/orcs/actions/headhunter/attack/attack2.mp3'),
(923, 21, 7, 'death1', 'Mort', '/sounds/orcs/actions/headhunter/death/death1.mp3'),
(924, 21, 5, 'attack3', '', '/sounds/orcs/actions/headhunter/attack/attack3.mp3'),
(925, 21, 6, 'fun1', '', '/sounds/orcs/actions/headhunter/fun/fun1.mp3'),
(926, 20, 4, 'yes2', '', '/sounds/orcs/actions/grunt/yes/yes2.mp3'),
(927, 21, 6, 'fun3', '', '/sounds/orcs/actions/headhunter/fun/fun3.mp3'),
(928, 21, 6, 'fun2', '', '/sounds/orcs/actions/headhunter/fun/fun2.mp3'),
(929, 21, 6, 'fun4', '', '/sounds/orcs/actions/headhunter/fun/fun4.mp3'),
(930, 21, 1, 'ready1', '', '/sounds/orcs/actions/headhunter/ready/ready1.mp3'),
(931, 21, 2, 'warcry1', '', '/sounds/orcs/actions/headhunter/warcry/warcry1.mp3'),
(932, 21, 6, 'fun5', '', '/sounds/orcs/actions/headhunter/fun/fun5.mp3'),
(933, 21, 3, 'what1', '', '/sounds/orcs/actions/headhunter/what/what1.mp3'),
(934, 21, 3, 'what4', '', '/sounds/orcs/actions/headhunter/what/what4.mp3'),
(935, 21, 3, 'what2', '', '/sounds/orcs/actions/headhunter/what/what2.mp3'),
(936, 21, 3, 'what3', '', '/sounds/orcs/actions/headhunter/what/what3.mp3'),
(937, 21, 4, 'yes1', '', '/sounds/orcs/actions/headhunter/yes/yes1.mp3'),
(938, 21, 4, 'yes3', '', '/sounds/orcs/actions/headhunter/yes/yes3.mp3'),
(939, 19, 5, 'attack1', '', '/sounds/orcs/actions/peon/attack/attack1.mp3'),
(940, 21, 4, 'yes2', '', '/sounds/orcs/actions/headhunter/yes/yes2.mp3'),
(941, 19, 5, 'attack2', '', '/sounds/orcs/actions/peon/attack/attack2.mp3'),
(942, 21, 4, 'yes4', '', '/sounds/orcs/actions/headhunter/yes/yes4.mp3'),
(943, 19, 7, 'death1', 'Mort', '/sounds/orcs/actions/peon/death/death1.mp3'),
(944, 19, 6, 'fun2', '', '/sounds/orcs/actions/peon/fun/fun2.mp3'),
(945, 19, 5, 'attack3', '', '/sounds/orcs/actions/peon/attack/attack3.mp3'),
(946, 19, 6, 'fun4', '', '/sounds/orcs/actions/peon/fun/fun4.mp3'),
(947, 19, 6, 'fun3', '', '/sounds/orcs/actions/peon/fun/fun3.mp3'),
(948, 19, 1, 'ready1', '', '/sounds/orcs/actions/peon/ready/ready1.mp3'),
(949, 19, 2, 'warcry1', '', '/sounds/orcs/actions/peon/warcry/warcry1.mp3'),
(950, 19, 3, 'what1', '', '/sounds/orcs/actions/peon/what/what1.mp3'),
(951, 19, 3, 'what3', '', '/sounds/orcs/actions/peon/what/what3.mp3'),
(952, 19, 3, 'what4', '', '/sounds/orcs/actions/peon/what/what4.mp3'),
(953, 19, 6, 'fun1', '', '/sounds/orcs/actions/peon/fun/fun1.mp3'),
(954, 19, 3, 'what2', '', '/sounds/orcs/actions/peon/what/what2.mp3'),
(955, 19, 4, 'yes2', '', '/sounds/orcs/actions/peon/yes/yes2.mp3'),
(956, 19, 4, 'yes1', '', '/sounds/orcs/actions/peon/yes/yes1.mp3'),
(957, 19, 4, 'yes3', '', '/sounds/orcs/actions/peon/yes/yes3.mp3'),
(958, 25, 5, 'attack1', '', '/sounds/orcs/actions/shaman/attack/attack1.mp3'),
(959, 25, 5, 'attack2', '', '/sounds/orcs/actions/shaman/attack/attack2.mp3'),
(960, 19, 4, 'yes4', '', '/sounds/orcs/actions/peon/yes/yes4.mp3'),
(961, 25, 5, 'attack4', '', '/sounds/orcs/actions/shaman/attack/attack4.mp3'),
(962, 25, 7, 'death1', 'Mort', '/sounds/orcs/actions/shaman/death/death1.mp3'),
(963, 25, 6, 'fun2', '', '/sounds/orcs/actions/shaman/fun/fun2.mp3'),
(964, 25, 5, 'attack3', '', '/sounds/orcs/actions/shaman/attack/attack3.mp3'),
(965, 25, 6, 'fun4', '', '/sounds/orcs/actions/shaman/fun/fun4.mp3'),
(966, 25, 6, 'fun1', '', '/sounds/orcs/actions/shaman/fun/fun1.mp3'),
(967, 25, 6, 'fun5', '', '/sounds/orcs/actions/shaman/fun/fun5.mp3'),
(968, 25, 6, 'fun6', '', '/sounds/orcs/actions/shaman/fun/fun6.mp3'),
(969, 25, 6, 'fun7', '', '/sounds/orcs/actions/shaman/fun/fun7.mp3'),
(970, 25, 1, 'ready1', '', '/sounds/orcs/actions/shaman/ready/ready1.mp3'),
(971, 25, 2, 'warcry1', '', '/sounds/orcs/actions/shaman/warcry/warcry1.mp3'),
(972, 25, 3, 'what2', '', '/sounds/orcs/actions/shaman/what/what2.mp3'),
(973, 25, 6, 'fun3', '', '/sounds/orcs/actions/shaman/fun/fun3.mp3'),
(974, 25, 3, 'what1', '', '/sounds/orcs/actions/shaman/what/what1.mp3'),
(975, 25, 4, 'yes1', '', '/sounds/orcs/actions/shaman/yes/yes1.mp3'),
(976, 25, 3, 'what3', '', '/sounds/orcs/actions/shaman/what/what3.mp3'),
(977, 25, 4, 'yes3', '', '/sounds/orcs/actions/shaman/yes/yes3.mp3'),
(978, 25, 3, 'what4', '', '/sounds/orcs/actions/shaman/what/what4.mp3'),
(979, 24, 5, 'attack1', '', '/sounds/orcs/actions/tauren/attack/attack1.mp3'),
(980, 24, 5, 'attack2', '', '/sounds/orcs/actions/tauren/attack/attack2.mp3'),
(981, 24, 5, 'attack3', '', '/sounds/orcs/actions/tauren/attack/attack3.mp3'),
(982, 25, 4, 'yes2', '', '/sounds/orcs/actions/shaman/yes/yes2.mp3'),
(983, 24, 7, 'death1', 'Mort', '/sounds/orcs/actions/tauren/death/death1.mp3'),
(984, 24, 6, 'fun1', '', '/sounds/orcs/actions/tauren/fun/fun1.mp3'),
(985, 24, 6, 'fun2', '', '/sounds/orcs/actions/tauren/fun/fun2.mp3'),
(986, 24, 6, 'fun3', '', '/sounds/orcs/actions/tauren/fun/fun3.mp3'),
(987, 24, 6, 'fun5', '', '/sounds/orcs/actions/tauren/fun/fun5.mp3'),
(988, 25, 4, 'yes4', '', '/sounds/orcs/actions/shaman/yes/yes4.mp3'),
(989, 24, 6, 'fun4', '', '/sounds/orcs/actions/tauren/fun/fun4.mp3'),
(990, 24, 6, 'fun6', '', '/sounds/orcs/actions/tauren/fun/fun6.mp3'),
(991, 24, 6, 'fun7', '', '/sounds/orcs/actions/tauren/fun/fun7.mp3'),
(992, 24, 1, 'ready1', '', '/sounds/orcs/actions/tauren/ready/ready1.mp3'),
(993, 24, 3, 'what2', '', '/sounds/orcs/actions/tauren/what/what2.mp3'),
(994, 24, 2, 'warcry1', '', '/sounds/orcs/actions/tauren/warcry/warcry1.mp3'),
(995, 24, 4, 'yes1', '', '/sounds/orcs/actions/tauren/yes/yes1.mp3'),
(996, 24, 3, 'what1', '', '/sounds/orcs/actions/tauren/what/what1.mp3'),
(997, 24, 4, 'yes2', '', '/sounds/orcs/actions/tauren/yes/yes2.mp3'),
(998, 24, 3, 'what3', '', '/sounds/orcs/actions/tauren/what/what3.mp3'),
(999, 17, 5, 'attack1', '', '/sounds/orcs/actions/taurenchieftain/attack/attack1.mp3'),
(1000, 17, 5, 'attack2', '', '/sounds/orcs/actions/taurenchieftain/attack/attack2.mp3'),
(1001, 17, 7, 'death1', 'Mort', '/sounds/orcs/actions/taurenchieftain/death/death1.mp3'),
(1002, 17, 5, 'attack3', '', '/sounds/orcs/actions/taurenchieftain/attack/attack3.mp3'),
(1003, 24, 4, 'yes3', '', '/sounds/orcs/actions/tauren/yes/yes3.mp3'),
(1004, 17, 6, 'fun2', '', '/sounds/orcs/actions/taurenchieftain/fun/fun2.mp3'),
(1005, 17, 6, 'fun4', '', '/sounds/orcs/actions/taurenchieftain/fun/fun4.mp3'),
(1006, 17, 6, 'fun1', '', '/sounds/orcs/actions/taurenchieftain/fun/fun1.mp3'),
(1007, 17, 6, 'fun3', '', '/sounds/orcs/actions/taurenchieftain/fun/fun3.mp3'),
(1008, 17, 1, 'ready1', '', '/sounds/orcs/actions/taurenchieftain/ready/ready1.mp3'),
(1009, 17, 6, 'fun6', '', '/sounds/orcs/actions/taurenchieftain/fun/fun6.mp3'),
(1010, 17, 2, 'warcry1', '', '/sounds/orcs/actions/taurenchieftain/warcry/warcry1.mp3'),
(1011, 17, 6, 'fun5', '', '/sounds/orcs/actions/taurenchieftain/fun/fun5.mp3'),
(1012, 17, 3, 'what1', '', '/sounds/orcs/actions/taurenchieftain/what/what1.mp3'),
(1013, 17, 3, 'what4', '', '/sounds/orcs/actions/taurenchieftain/what/what4.mp3'),
(1014, 17, 3, 'what2', '', '/sounds/orcs/actions/taurenchieftain/what/what2.mp3'),
(1015, 17, 4, 'yes1', '', '/sounds/orcs/actions/taurenchieftain/yes/yes1.mp3'),
(1016, 17, 3, 'what3', '', '/sounds/orcs/actions/taurenchieftain/what/what3.mp3'),
(1017, 17, 4, 'yes4', '', '/sounds/orcs/actions/taurenchieftain/yes/yes4.mp3'),
(1018, 81, 5, 'attack1', '', '/sounds/orcs/actions/thrall/attack/attack1.mp3'),
(1019, 17, 4, 'yes3', '', '/sounds/orcs/actions/taurenchieftain/yes/yes3.mp3'),
(1020, 81, 5, 'attack2', '', '/sounds/orcs/actions/thrall/attack/attack2.mp3'),
(1021, 17, 4, 'yes2', '', '/sounds/orcs/actions/taurenchieftain/yes/yes2.mp3'),
(1022, 81, 5, 'attack4', '', '/sounds/orcs/actions/thrall/attack/attack4.mp3'),
(1023, 81, 5, 'attack3', '', '/sounds/orcs/actions/thrall/attack/attack3.mp3'),
(1024, 81, 6, 'fun3', '', '/sounds/orcs/actions/thrall/fun/fun3.mp3'),
(1025, 81, 6, 'fun2', '', '/sounds/orcs/actions/thrall/fun/fun2.mp3'),
(1026, 81, 6, 'fun1', '', '/sounds/orcs/actions/thrall/fun/fun1.mp3'),
(1027, 81, 2, 'warcry1', '', '/sounds/orcs/actions/thrall/warcry/warcry1.mp3'),
(1028, 81, 3, 'what1', '', '/sounds/orcs/actions/thrall/what/what1.mp3'),
(1029, 81, 3, 'what2', '', '/sounds/orcs/actions/thrall/what/what2.mp3'),
(1030, 81, 3, 'what4', '', '/sounds/orcs/actions/thrall/what/what4.mp3'),
(1031, 81, 6, 'fun4', '', '/sounds/orcs/actions/thrall/fun/fun4.mp3'),
(1032, 81, 3, 'what3', '', '/sounds/orcs/actions/thrall/what/what3.mp3'),
(1033, 81, 4, 'yes2', '', '/sounds/orcs/actions/thrall/yes/yes2.mp3'),
(1034, 81, 4, 'yes1', '', '/sounds/orcs/actions/thrall/yes/yes1.mp3'),
(1035, 81, 4, 'yes3', '', '/sounds/orcs/actions/thrall/yes/yes3.mp3'),
(1036, 82, 5, 'attack1', '', '/sounds/orcs/actions/warlord/attack/attack1.mp3'),
(1037, 82, 5, 'attack2', '', '/sounds/orcs/actions/warlord/attack/attack2.mp3'),
(1038, 81, 4, 'yes4', '', '/sounds/orcs/actions/thrall/yes/yes4.mp3'),
(1039, 82, 5, 'attack4', '', '/sounds/orcs/actions/warlord/attack/attack4.mp3'),
(1040, 82, 5, 'attack3', '', '/sounds/orcs/actions/warlord/attack/attack3.mp3'),
(1041, 82, 6, 'fun2', '', '/sounds/orcs/actions/warlord/fun/fun2.mp3'),
(1042, 82, 5, 'attack5', '', '/sounds/orcs/actions/warlord/attack/attack5.mp3'),
(1043, 82, 6, 'fun1', '', '/sounds/orcs/actions/warlord/fun/fun1.mp3'),
(1044, 82, 1, 'ready1', '', '/sounds/orcs/actions/warlord/ready/ready1.mp3'),
(1045, 82, 3, 'what2', '', '/sounds/orcs/actions/warlord/what/what2.mp3'),
(1046, 82, 2, 'warcry1', '', '/sounds/orcs/actions/warlord/warcry/warcry1.mp3'),
(1047, 82, 4, 'yes1', '', '/sounds/orcs/actions/warlord/yes/yes1.mp3'),
(1048, 82, 3, 'what3', '', '/sounds/orcs/actions/warlord/what/what3.mp3'),
(1049, 82, 4, 'yes2', '', '/sounds/orcs/actions/warlord/yes/yes2.mp3'),
(1050, 82, 3, 'what1', '', '/sounds/orcs/actions/warlord/what/what1.mp3'),
(1051, 82, 4, 'yes3', '', '/sounds/orcs/actions/warlord/yes/yes3.mp3'),
(1052, 26, 5, 'attack1', '', '/sounds/orcs/actions/witchdoctor/attack/attack1.mp3'),
(1053, 26, 5, 'attack2', '', '/sounds/orcs/actions/witchdoctor/attack/attack2.mp3'),
(1054, 82, 4, 'yes4', '', '/sounds/orcs/actions/warlord/yes/yes4.mp3'),
(1055, 26, 5, 'attack3', '', '/sounds/orcs/actions/witchdoctor/attack/attack3.mp3'),
(1056, 26, 6, 'fun2', '', '/sounds/orcs/actions/witchdoctor/fun/fun2.mp3'),
(1057, 26, 7, 'death1', 'Mort', '/sounds/orcs/actions/witchdoctor/death/death1.mp3'),
(1058, 26, 6, 'fun4', '', '/sounds/orcs/actions/witchdoctor/fun/fun4.mp3'),
(1059, 26, 6, 'fun3', '', '/sounds/orcs/actions/witchdoctor/fun/fun3.mp3'),
(1060, 26, 6, 'fun6', '', '/sounds/orcs/actions/witchdoctor/fun/fun6.mp3'),
(1061, 26, 6, 'fun5', '', '/sounds/orcs/actions/witchdoctor/fun/fun5.mp3'),
(1062, 26, 6, 'fun1', '', '/sounds/orcs/actions/witchdoctor/fun/fun1.mp3'),
(1063, 26, 1, 'ready1', '', '/sounds/orcs/actions/witchdoctor/ready/ready1.mp3'),
(1064, 26, 2, 'warcry1', '', '/sounds/orcs/actions/witchdoctor/warcry/warcry1.mp3'),
(1065, 26, 3, 'what1', '', '/sounds/orcs/actions/witchdoctor/what/what1.mp3'),
(1066, 26, 3, 'what2', '', '/sounds/orcs/actions/witchdoctor/what/what2.mp3'),
(1067, 26, 3, 'what3', '', '/sounds/orcs/actions/witchdoctor/what/what3.mp3'),
(1068, 26, 3, 'what4', '', '/sounds/orcs/actions/witchdoctor/what/what4.mp3'),
(1069, 26, 4, 'yes2', '', '/sounds/orcs/actions/witchdoctor/yes/yes2.mp3'),
(1070, 26, 4, 'yes1', '', '/sounds/orcs/actions/witchdoctor/yes/yes1.mp3'),
(1071, 26, 6, 'fun7', '', '/sounds/orcs/actions/witchdoctor/fun/fun7.mp3'),
(1072, 22, 5, 'attack1', '', '/sounds/orcs/actions/wolfrider/attack/attack1.mp3'),
(1073, 22, 5, 'attack2', '', '/sounds/orcs/actions/wolfrider/attack/attack2.mp3'),
(1074, 26, 4, 'yes3', '', '/sounds/orcs/actions/witchdoctor/yes/yes3.mp3'),
(1075, 22, 5, 'attack3', '', '/sounds/orcs/actions/wolfrider/attack/attack3.mp3'),
(1076, 22, 6, 'fun2', '', '/sounds/orcs/actions/wolfrider/fun/fun2.mp3'),
(1077, 22, 6, 'fun1', '', '/sounds/orcs/actions/wolfrider/fun/fun1.mp3'),
(1078, 22, 6, 'fun3', '', '/sounds/orcs/actions/wolfrider/fun/fun3.mp3'),
(1079, 22, 1, 'ready1', '', '/sounds/orcs/actions/wolfrider/ready/ready1.mp3'),
(1080, 22, 2, 'warcry1', '', '/sounds/orcs/actions/wolfrider/warcry/warcry1.mp3'),
(1081, 22, 3, 'what2', '', '/sounds/orcs/actions/wolfrider/what/what2.mp3'),
(1082, 22, 6, 'fun4', '', '/sounds/orcs/actions/wolfrider/fun/fun4.mp3'),
(1083, 22, 3, 'what1', '', '/sounds/orcs/actions/wolfrider/what/what1.mp3'),
(1084, 22, 4, 'yes1', '', '/sounds/orcs/actions/wolfrider/yes/yes1.mp3'),
(1085, 22, 3, 'what3', '', '/sounds/orcs/actions/wolfrider/what/what3.mp3'),
(1086, 22, 4, 'yes2', '', '/sounds/orcs/actions/wolfrider/yes/yes2.mp3'),
(1087, 22, 3, 'what4', '', '/sounds/orcs/actions/wolfrider/what/what4.mp3'),
(1088, 23, 5, 'attack1', '', '/sounds/orcs/actions/wyvernrider/attack/attack1.mp3'),
(1089, 22, 4, 'yes4', '', '/sounds/orcs/actions/wolfrider/yes/yes4.mp3'),
(1090, 23, 5, 'attack2', '', '/sounds/orcs/actions/wyvernrider/attack/attack2.mp3'),
(1091, 23, 5, 'attack3', '', '/sounds/orcs/actions/wyvernrider/attack/attack3.mp3'),
(1092, 22, 4, 'yes3', '', '/sounds/orcs/actions/wolfrider/yes/yes3.mp3'),
(1093, 23, 5, 'attack4', '', '/sounds/orcs/actions/wyvernrider/attack/attack4.mp3'),
(1094, 23, 6, 'fun2', '', '/sounds/orcs/actions/wyvernrider/fun/fun2.mp3'),
(1095, 23, 7, 'death1', 'Mort', '/sounds/orcs/actions/wyvernrider/death/death1.mp3'),
(1096, 23, 6, 'fun4', '', '/sounds/orcs/actions/wyvernrider/fun/fun4.mp3'),
(1097, 23, 6, 'fun1', '', '/sounds/orcs/actions/wyvernrider/fun/fun1.mp3'),
(1098, 23, 6, 'fun6', '', '/sounds/orcs/actions/wyvernrider/fun/fun6.mp3'),
(1099, 23, 6, 'fun3', '', '/sounds/orcs/actions/wyvernrider/fun/fun3.mp3'),
(1100, 23, 1, 'ready1', '', '/sounds/orcs/actions/wyvernrider/ready/ready1.mp3'),
(1101, 23, 2, 'warcry1', '', '/sounds/orcs/actions/wyvernrider/warcry/warcry1.mp3'),
(1102, 23, 3, 'what1', '', '/sounds/orcs/actions/wyvernrider/what/what1.mp3'),
(1103, 23, 6, 'fun5', '', '/sounds/orcs/actions/wyvernrider/fun/fun5.mp3'),
(1104, 23, 3, 'what2', '', '/sounds/orcs/actions/wyvernrider/what/what2.mp3'),
(1105, 23, 6, 'fun7', '', '/sounds/orcs/actions/wyvernrider/fun/fun7.mp3'),
(1106, 23, 3, 'what3', '', '/sounds/orcs/actions/wyvernrider/what/what3.mp3'),
(1107, 23, 4, 'yes2', '', '/sounds/orcs/actions/wyvernrider/yes/yes2.mp3'),
(1108, 23, 3, 'what4', '', '/sounds/orcs/actions/wyvernrider/what/what4.mp3'),
(1109, 23, 4, 'yes1', '', '/sounds/orcs/actions/wyvernrider/yes/yes1.mp3'),
(1110, 45, 5, 'attack1', '', '/sounds/undeads/actions/abomination/attack/attack1.mp3'),
(1111, 23, 4, 'yes3', '', '/sounds/orcs/actions/wyvernrider/yes/yes3.mp3'),
(1112, 45, 5, 'attack2', '', '/sounds/undeads/actions/abomination/attack/attack2.mp3'),
(1113, 23, 4, 'yes4', '', '/sounds/orcs/actions/wyvernrider/yes/yes4.mp3'),
(1114, 45, 5, 'attack4', '', '/sounds/undeads/actions/abomination/attack/attack4.mp3'),
(1115, 45, 7, 'death1', 'Mort', '/sounds/undeads/actions/abomination/death/death1.mp3'),
(1116, 45, 6, 'fun2', '', '/sounds/undeads/actions/abomination/fun/fun2.mp3'),
(1117, 45, 5, 'attack3', '', '/sounds/undeads/actions/abomination/attack/attack3.mp3'),
(1118, 45, 6, 'fun4', '', '/sounds/undeads/actions/abomination/fun/fun4.mp3'),
(1119, 45, 6, 'fun3', '', '/sounds/undeads/actions/abomination/fun/fun3.mp3'),
(1120, 45, 6, 'fun1', '', '/sounds/undeads/actions/abomination/fun/fun1.mp3'),
(1121, 45, 1, 'ready1', 'J''obéis', '/sounds/undeads/actions/abomination/ready/ready1.mp3'),
(1122, 45, 2, 'warcry1', 'Tous pour un', '/sounds/undeads/actions/abomination/warcry/warcry1.mp3'),
(1123, 45, 6, 'fun5', '', '/sounds/undeads/actions/abomination/fun/fun5.mp3'),
(1124, 45, 3, 'what1', 'Que faire', '/sounds/undeads/actions/abomination/what/what1.mp3'),
(1125, 45, 3, 'what3', 'Quels ordres ?', '/sounds/undeads/actions/abomination/what/what3.mp3'),
(1126, 45, 6, 'fun6', '', '/sounds/undeads/actions/abomination/fun/fun6.mp3'),
(1127, 45, 3, 'what2', 'Gné ?', '/sounds/undeads/actions/abomination/what/what2.mp3'),
(1128, 45, 4, 'yes1', 'Nous, aller', '/sounds/undeads/actions/abomination/yes/yes1.mp3'),
(1129, 45, 4, 'yes2', 'Beuha', '/sounds/undeads/actions/abomination/yes/yes2.mp3'),
(1130, 45, 3, 'what4', 'Mmmm', '/sounds/undeads/actions/abomination/what/what4.mp3'),
(1131, 45, 4, 'yes5', '', '/sounds/undeads/actions/abomination/yes/yes5.mp3'),
(1132, 42, 5, 'attack1', '', '/sounds/undeads/actions/acolyte/attack/attack1.mp3'),
(1133, 42, 5, 'attack2', '', '/sounds/undeads/actions/acolyte/attack/attack2.mp3'),
(1134, 45, 4, 'yes3', '', '/sounds/undeads/actions/abomination/yes/yes3.mp3'),
(1135, 42, 5, 'attack3', '', '/sounds/undeads/actions/acolyte/attack/attack3.mp3'),
(1136, 42, 7, 'death1', 'Mort', '/sounds/undeads/actions/acolyte/death/death1.mp3'),
(1137, 42, 6, 'fun1', '', '/sounds/undeads/actions/acolyte/fun/fun1.mp3'),
(1138, 45, 4, 'yes4', '', '/sounds/undeads/actions/abomination/yes/yes4.mp3'),
(1139, 42, 6, 'fun2', '', '/sounds/undeads/actions/acolyte/fun/fun2.mp3'),
(1140, 42, 6, 'fun3', '', '/sounds/undeads/actions/acolyte/fun/fun3.mp3'),
(1141, 42, 6, 'fun4', '', '/sounds/undeads/actions/acolyte/fun/fun4.mp3'),
(1142, 42, 6, 'fun6', '', '/sounds/undeads/actions/acolyte/fun/fun6.mp3'),
(1143, 42, 6, 'fun7', '', '/sounds/undeads/actions/acolyte/fun/fun7.mp3'),
(1144, 42, 6, 'fun8', '', '/sounds/undeads/actions/acolyte/fun/fun8.mp3'),
(1145, 42, 1, 'ready1', '', '/sounds/undeads/actions/acolyte/ready/ready1.mp3'),
(1146, 42, 2, 'warcry1', '', '/sounds/undeads/actions/acolyte/warcry/warcry1.mp3'),
(1147, 42, 6, 'fun5', '', '/sounds/undeads/actions/acolyte/fun/fun5.mp3'),
(1148, 42, 3, 'what1', '', '/sounds/undeads/actions/acolyte/what/what1.mp3'),
(1149, 42, 3, 'what3', '', '/sounds/undeads/actions/acolyte/what/what3.mp3'),
(1150, 42, 3, 'what4', '', '/sounds/undeads/actions/acolyte/what/what4.mp3'),
(1151, 42, 3, 'what5', '', '/sounds/undeads/actions/acolyte/what/what5.mp3'),
(1152, 42, 4, 'yes1', '', '/sounds/undeads/actions/acolyte/yes/yes1.mp3'),
(1153, 42, 4, 'yes2', '', '/sounds/undeads/actions/acolyte/yes/yes2.mp3'),
(1154, 42, 4, 'yes3', '', '/sounds/undeads/actions/acolyte/yes/yes3.mp3'),
(1155, 42, 3, 'what2', '', '/sounds/undeads/actions/acolyte/what/what2.mp3'),
(1156, 57, 5, 'attack1', '', '/sounds/undeads/actions/arthas/attack/attack1.mp3'),
(1157, 57, 5, 'attack2', '', '/sounds/undeads/actions/arthas/attack/attack2.mp3'),
(1158, 57, 5, 'attack4', '', '/sounds/undeads/actions/arthas/attack/attack4.mp3'),
(1159, 57, 5, 'attack3', '', '/sounds/undeads/actions/arthas/attack/attack3.mp3'),
(1160, 42, 4, 'yes4', '', '/sounds/undeads/actions/acolyte/yes/yes4.mp3'),
(1161, 57, 5, 'attack5', '', '/sounds/undeads/actions/arthas/attack/attack5.mp3'),
(1162, 57, 6, 'fun2', '', '/sounds/undeads/actions/arthas/fun/fun2.mp3'),
(1163, 57, 5, 'attack6', '', '/sounds/undeads/actions/arthas/attack/attack6.mp3'),
(1164, 57, 6, 'fun4', '', '/sounds/undeads/actions/arthas/fun/fun4.mp3'),
(1165, 57, 6, 'fun3', '', '/sounds/undeads/actions/arthas/fun/fun3.mp3'),
(1166, 57, 6, 'fun5', '', '/sounds/undeads/actions/arthas/fun/fun5.mp3'),
(1167, 57, 6, 'fun6', '', '/sounds/undeads/actions/arthas/fun/fun6.mp3'),
(1168, 57, 6, 'fun1', '', '/sounds/undeads/actions/arthas/fun/fun1.mp3'),
(1169, 57, 2, 'warcry1', '', '/sounds/undeads/actions/arthas/warcry/warcry1.mp3'),
(1170, 57, 3, 'what2', '', '/sounds/undeads/actions/arthas/what/what2.mp3'),
(1171, 57, 3, 'what1', '', '/sounds/undeads/actions/arthas/what/what1.mp3'),
(1172, 57, 6, 'fun7', '', '/sounds/undeads/actions/arthas/fun/fun7.mp3'),
(1173, 57, 3, 'what3', '', '/sounds/undeads/actions/arthas/what/what3.mp3'),
(1174, 57, 4, 'yes1', '', '/sounds/undeads/actions/arthas/yes/yes1.mp3'),
(1175, 57, 3, 'what4', '', '/sounds/undeads/actions/arthas/what/what4.mp3'),
(1176, 57, 3, 'what5', '', '/sounds/undeads/actions/arthas/what/what5.mp3'),
(1177, 57, 4, 'yes4', '', '/sounds/undeads/actions/arthas/yes/yes4.mp3'),
(1178, 57, 4, 'yes3', '', '/sounds/undeads/actions/arthas/yes/yes3.mp3'),
(1179, 47, 5, 'attack1', '', '/sounds/undeads/actions/banshee/attack/attack1.mp3'),
(1180, 47, 5, 'attack2', '', '/sounds/undeads/actions/banshee/attack/attack2.mp3'),
(1181, 47, 5, 'attack3', '', '/sounds/undeads/actions/banshee/attack/attack3.mp3'),
(1182, 57, 4, 'yes2', '', '/sounds/undeads/actions/arthas/yes/yes2.mp3'),
(1183, 47, 5, 'ghostattack2', '', '/sounds/undeads/actions/banshee/attack/ghostattack2.mp3'),
(1184, 47, 5, 'ghostattack1', '', '/sounds/undeads/actions/banshee/attack/ghostattack1.mp3'),
(1185, 47, 7, 'ghostdeath1', '', '/sounds/undeads/actions/banshee/death/ghostdeath1.mp3'),
(1186, 47, 6, 'fun2', '', '/sounds/undeads/actions/banshee/fun/fun2.mp3'),
(1187, 47, 7, 'death1', 'Mort', '/sounds/undeads/actions/banshee/death/death1.mp3'),
(1188, 47, 6, 'fun1', '', '/sounds/undeads/actions/banshee/fun/fun1.mp3'),
(1189, 47, 6, 'fun3', '', '/sounds/undeads/actions/banshee/fun/fun3.mp3'),
(1190, 47, 1, 'ready1', '', '/sounds/undeads/actions/banshee/ready/ready1.mp3'),
(1191, 47, 2, 'warcry1', '', '/sounds/undeads/actions/banshee/warcry/warcry1.mp3'),
(1192, 47, 6, 'fun4', '', '/sounds/undeads/actions/banshee/fun/fun4.mp3'),
(1193, 47, 6, 'fun5', '', '/sounds/undeads/actions/banshee/fun/fun5.mp3'),
(1194, 47, 3, 'ghostwhat1', '', '/sounds/undeads/actions/banshee/what/ghostwhat1.mp3'),
(1195, 47, 3, 'what2', '', '/sounds/undeads/actions/banshee/what/what2.mp3'),
(1196, 47, 3, 'what3', '', '/sounds/undeads/actions/banshee/what/what3.mp3'),
(1197, 47, 3, 'what5', '', '/sounds/undeads/actions/banshee/what/what5.mp3'),
(1198, 47, 3, 'what4', '', '/sounds/undeads/actions/banshee/what/what4.mp3'),
(1199, 47, 4, 'ghostyes2', '', '/sounds/undeads/actions/banshee/yes/ghostyes2.mp3'),
(1200, 47, 4, 'ghostyes1', '', '/sounds/undeads/actions/banshee/yes/ghostyes1.mp3'),
(1201, 47, 4, 'yes2', '', '/sounds/undeads/actions/banshee/yes/yes2.mp3'),
(1202, 47, 3, 'what1', '', '/sounds/undeads/actions/banshee/what/what1.mp3'),
(1203, 47, 4, 'yes3', '', '/sounds/undeads/actions/banshee/yes/yes3.mp3'),
(1204, 47, 4, 'yes1', '', '/sounds/undeads/actions/banshee/yes/yes1.mp3'),
(1205, 44, 5, 'attack1', '', '/sounds/undeads/actions/cryptfiend/attack/attack1.mp3'),
(1206, 47, 4, 'yes4', '', '/sounds/undeads/actions/banshee/yes/yes4.mp3'),
(1207, 44, 5, 'attack2', '', '/sounds/undeads/actions/cryptfiend/attack/attack2.mp3'),
(1208, 44, 5, 'attack3', '', '/sounds/undeads/actions/cryptfiend/attack/attack3.mp3'),
(1209, 44, 6, 'fun1', '', '/sounds/undeads/actions/cryptfiend/fun/fun1.mp3'),
(1210, 47, 4, 'yes5', '', '/sounds/undeads/actions/banshee/yes/yes5.mp3'),
(1211, 44, 6, 'fun3', '', '/sounds/undeads/actions/cryptfiend/fun/fun3.mp3'),
(1212, 44, 6, 'fun4', '', '/sounds/undeads/actions/cryptfiend/fun/fun4.mp3'),
(1213, 44, 6, 'fun2', '', '/sounds/undeads/actions/cryptfiend/fun/fun2.mp3'),
(1214, 44, 6, 'fun5', '', '/sounds/undeads/actions/cryptfiend/fun/fun5.mp3'),
(1215, 44, 6, 'fun7', '', '/sounds/undeads/actions/cryptfiend/fun/fun7.mp3'),
(1216, 44, 1, 'ready1', '', '/sounds/undeads/actions/cryptfiend/ready/ready1.mp3'),
(1217, 44, 2, 'warcry1', '', '/sounds/undeads/actions/cryptfiend/warcry/warcry1.mp3'),
(1218, 44, 6, 'fun6', '', '/sounds/undeads/actions/cryptfiend/fun/fun6.mp3'),
(1219, 44, 3, 'what2', '', '/sounds/undeads/actions/cryptfiend/what/what2.mp3'),
(1220, 44, 3, 'what4', '', '/sounds/undeads/actions/cryptfiend/what/what4.mp3'),
(1221, 44, 3, 'what3', '', '/sounds/undeads/actions/cryptfiend/what/what3.mp3'),
(1222, 44, 4, 'yes1', '', '/sounds/undeads/actions/cryptfiend/yes/yes1.mp3'),
(1223, 44, 3, 'what1', '', '/sounds/undeads/actions/cryptfiend/what/what1.mp3'),
(1224, 44, 4, 'yes4', '', '/sounds/undeads/actions/cryptfiend/yes/yes4.mp3'),
(1225, 44, 4, 'yes2', '', '/sounds/undeads/actions/cryptfiend/yes/yes2.mp3'),
(1226, 38, 5, 'attack2', '', '/sounds/undeads/actions/deathknight/attack/attack2.mp3'),
(1227, 44, 4, 'yes3', '', '/sounds/undeads/actions/cryptfiend/yes/yes3.mp3'),
(1228, 38, 5, 'attack1', '', '/sounds/undeads/actions/deathknight/attack/attack1.mp3'),
(1229, 38, 7, 'death1', 'Mort', '/sounds/undeads/actions/deathknight/death/death1.mp3'),
(1230, 38, 6, 'fun2', '', '/sounds/undeads/actions/deathknight/fun/fun2.mp3'),
(1231, 38, 5, 'attack3', '', '/sounds/undeads/actions/deathknight/attack/attack3.mp3'),
(1232, 38, 6, 'fun1', '', '/sounds/undeads/actions/deathknight/fun/fun1.mp3'),
(1233, 38, 6, 'fun4', '', '/sounds/undeads/actions/deathknight/fun/fun4.mp3'),
(1234, 38, 6, 'fun3', '', '/sounds/undeads/actions/deathknight/fun/fun3.mp3'),
(1235, 38, 6, 'fun6', '', '/sounds/undeads/actions/deathknight/fun/fun6.mp3'),
(1236, 38, 1, 'ready1', '', '/sounds/undeads/actions/deathknight/ready/ready1.mp3'),
(1237, 38, 2, 'warcry1', '', '/sounds/undeads/actions/deathknight/warcry/warcry1.mp3'),
(1238, 38, 6, 'fun5', '', '/sounds/undeads/actions/deathknight/fun/fun5.mp3'),
(1239, 38, 3, 'what1', '', '/sounds/undeads/actions/deathknight/what/what1.mp3'),
(1240, 38, 3, 'what2', '', '/sounds/undeads/actions/deathknight/what/what2.mp3'),
(1241, 38, 3, 'what4', '', '/sounds/undeads/actions/deathknight/what/what4.mp3'),
(1242, 38, 4, 'yes1', '', '/sounds/undeads/actions/deathknight/yes/yes1.mp3'),
(1243, 38, 3, 'what3', '', '/sounds/undeads/actions/deathknight/what/what3.mp3'),
(1244, 38, 4, 'yes4', '', '/sounds/undeads/actions/deathknight/yes/yes4.mp3'),
(1245, 38, 4, 'yes5', '', '/sounds/undeads/actions/deathknight/yes/yes5.mp3'),
(1246, 38, 4, 'yes2', '', '/sounds/undeads/actions/deathknight/yes/yes2.mp3'),
(1247, 40, 5, 'attack2', '', '/sounds/undeads/actions/dreadlord/attack/attack2.mp3'),
(1248, 40, 5, 'attack1', '', '/sounds/undeads/actions/dreadlord/attack/attack1.mp3'),
(1249, 40, 5, 'attack3', '', '/sounds/undeads/actions/dreadlord/attack/attack3.mp3'),
(1250, 38, 4, 'yes3', '', '/sounds/undeads/actions/deathknight/yes/yes3.mp3'),
(1251, 40, 7, 'death1', 'Mort', '/sounds/undeads/actions/dreadlord/death/death1.mp3'),
(1252, 40, 6, 'fun2', '', '/sounds/undeads/actions/dreadlord/fun/fun2.mp3'),
(1253, 40, 6, 'fun4', '', '/sounds/undeads/actions/dreadlord/fun/fun4.mp3'),
(1254, 40, 6, 'fun5', '', '/sounds/undeads/actions/dreadlord/fun/fun5.mp3'),
(1255, 40, 6, 'fun3', '', '/sounds/undeads/actions/dreadlord/fun/fun3.mp3'),
(1256, 40, 6, 'fun6', '', '/sounds/undeads/actions/dreadlord/fun/fun6.mp3'),
(1257, 40, 6, 'fun7', '', '/sounds/undeads/actions/dreadlord/fun/fun7.mp3'),
(1258, 40, 1, 'ready1', '', '/sounds/undeads/actions/dreadlord/ready/ready1.mp3'),
(1259, 40, 2, 'warcry1', '', '/sounds/undeads/actions/dreadlord/warcry/warcry1.mp3'),
(1260, 40, 3, 'what1', '', '/sounds/undeads/actions/dreadlord/what/what1.mp3'),
(1261, 40, 6, 'fun1', '', '/sounds/undeads/actions/dreadlord/fun/fun1.mp3'),
(1262, 40, 3, 'what2', '', '/sounds/undeads/actions/dreadlord/what/what2.mp3'),
(1263, 40, 4, 'yes1', '', '/sounds/undeads/actions/dreadlord/yes/yes1.mp3'),
(1264, 40, 3, 'what3', '', '/sounds/undeads/actions/dreadlord/what/what3.mp3'),
(1265, 40, 4, 'yes3', '', '/sounds/undeads/actions/dreadlord/yes/yes3.mp3'),
(1266, 40, 3, 'what4', '', '/sounds/undeads/actions/dreadlord/what/what4.mp3'),
(1267, 40, 4, 'yes2', '', '/sounds/undeads/actions/dreadlord/yes/yes2.mp3'),
(1268, 43, 5, 'attack1', '', '/sounds/undeads/actions/ghoul/attack/attack1.mp3'),
(1269, 40, 4, 'yes4', '', '/sounds/undeads/actions/dreadlord/yes/yes4.mp3'),
(1270, 43, 5, 'attack2', '', '/sounds/undeads/actions/ghoul/attack/attack2.mp3'),
(1271, 43, 5, 'attack4', '', '/sounds/undeads/actions/ghoul/attack/attack4.mp3'),
(1272, 43, 7, 'death1', 'Mort', '/sounds/undeads/actions/ghoul/death/death1.mp3'),
(1273, 43, 6, 'fun1', '', '/sounds/undeads/actions/ghoul/fun/fun1.mp3'),
(1274, 43, 5, 'attack3', '', '/sounds/undeads/actions/ghoul/attack/attack3.mp3'),
(1275, 43, 6, 'fun2', '', '/sounds/undeads/actions/ghoul/fun/fun2.mp3'),
(1276, 43, 1, 'ready1', '', '/sounds/undeads/actions/ghoul/ready/ready1.mp3'),
(1277, 43, 6, 'fun4', '', '/sounds/undeads/actions/ghoul/fun/fun4.mp3'),
(1278, 43, 2, 'warcry1', '', '/sounds/undeads/actions/ghoul/warcry/warcry1.mp3'),
(1279, 43, 6, 'fun3', '', '/sounds/undeads/actions/ghoul/fun/fun3.mp3'),
(1280, 43, 3, 'what1', '', '/sounds/undeads/actions/ghoul/what/what1.mp3'),
(1281, 43, 3, 'what4', '', '/sounds/undeads/actions/ghoul/what/what4.mp3'),
(1282, 43, 3, 'what3', '', '/sounds/undeads/actions/ghoul/what/what3.mp3'),
(1283, 43, 4, 'yes1', '', '/sounds/undeads/actions/ghoul/yes/yes1.mp3'),
(1284, 43, 3, 'what2', '', '/sounds/undeads/actions/ghoul/what/what2.mp3'),
(1285, 43, 4, 'yes4', '', '/sounds/undeads/actions/ghoul/yes/yes4.mp3'),
(1286, 43, 4, 'yes2', '', '/sounds/undeads/actions/ghoul/yes/yes2.mp3'),
(1287, 83, 5, 'attack1', '', '/sounds/undeads/actions/kelthuzad/attack/attack1.mp3'),
(1288, 43, 4, 'yes3', '', '/sounds/undeads/actions/ghoul/yes/yes3.mp3'),
(1289, 83, 5, 'attack3', '', '/sounds/undeads/actions/kelthuzad/attack/attack3.mp3'),
(1290, 83, 6, 'fun1', '', '/sounds/undeads/actions/kelthuzad/fun/fun1.mp3'),
(1291, 83, 5, 'attack2', '', '/sounds/undeads/actions/kelthuzad/attack/attack2.mp3'),
(1292, 83, 7, 'death1', '', '/sounds/undeads/actions/kelthuzad/death/death1.mp3'),
(1293, 83, 6, 'fun3', '', '/sounds/undeads/actions/kelthuzad/fun/fun3.mp3'),
(1294, 83, 6, 'fun4', '', '/sounds/undeads/actions/kelthuzad/fun/fun4.mp3'),
(1295, 83, 6, 'fun2', '', '/sounds/undeads/actions/kelthuzad/fun/fun2.mp3'),
(1296, 83, 2, 'warcry1', '', '/sounds/undeads/actions/kelthuzad/warcry/warcry1.mp3'),
(1297, 83, 3, 'what1', '', '/sounds/undeads/actions/kelthuzad/what/what1.mp3'),
(1298, 83, 3, 'what3', '', '/sounds/undeads/actions/kelthuzad/what/what3.mp3'),
(1299, 83, 3, 'what2', '', '/sounds/undeads/actions/kelthuzad/what/what2.mp3'),
(1300, 83, 4, 'yes1', '', '/sounds/undeads/actions/kelthuzad/yes/yes1.mp3'),
(1301, 83, 3, 'what4', '', '/sounds/undeads/actions/kelthuzad/what/what4.mp3'),
(1302, 83, 4, 'yes3', '', '/sounds/undeads/actions/kelthuzad/yes/yes3.mp3'),
(1303, 83, 4, 'yes2', '', '/sounds/undeads/actions/kelthuzad/yes/yes2.mp3'),
(1304, 83, 6, 'fun5', '', '/sounds/undeads/actions/kelthuzad/fun/fun5.mp3'),
(1305, 39, 5, 'attack1', '', '/sounds/undeads/actions/lich/attack/attack1.mp3'),
(1306, 39, 5, 'attack2', '', '/sounds/undeads/actions/lich/attack/attack2.mp3'),
(1307, 39, 7, 'death1', 'Mort', '/sounds/undeads/actions/lich/death/death1.mp3'),
(1308, 83, 4, 'yes4', '', '/sounds/undeads/actions/kelthuzad/yes/yes4.mp3'),
(1309, 39, 5, 'attack3', '', '/sounds/undeads/actions/lich/attack/attack3.mp3'),
(1310, 39, 6, 'fun1', '', '/sounds/undeads/actions/lich/fun/fun1.mp3'),
(1311, 39, 6, 'fun4', '', '/sounds/undeads/actions/lich/fun/fun4.mp3'),
(1312, 39, 6, 'fun3', '', '/sounds/undeads/actions/lich/fun/fun3.mp3'),
(1313, 39, 6, 'fun6', '', '/sounds/undeads/actions/lich/fun/fun6.mp3'),
(1314, 39, 6, 'fun5', '', '/sounds/undeads/actions/lich/fun/fun5.mp3'),
(1315, 39, 6, 'fun2', '', '/sounds/undeads/actions/lich/fun/fun2.mp3'),
(1316, 39, 6, 'fun7', '', '/sounds/undeads/actions/lich/fun/fun7.mp3'),
(1317, 39, 1, 'ready1', '', '/sounds/undeads/actions/lich/ready/ready1.mp3'),
(1318, 39, 2, 'warcry1', '', '/sounds/undeads/actions/lich/warcry/warcry1.mp3'),
(1319, 39, 3, 'what2', '', '/sounds/undeads/actions/lich/what/what2.mp3'),
(1320, 39, 3, 'what1', '', '/sounds/undeads/actions/lich/what/what1.mp3'),
(1321, 39, 6, 'fun8', '', '/sounds/undeads/actions/lich/fun/fun8.mp3'),
(1322, 39, 3, 'what3', '', '/sounds/undeads/actions/lich/what/what3.mp3'),
(1323, 39, 4, 'yes2', '', '/sounds/undeads/actions/lich/yes/yes2.mp3'),
(1324, 39, 3, 'what4', '', '/sounds/undeads/actions/lich/what/what4.mp3'),
(1325, 39, 4, 'yes4', '', '/sounds/undeads/actions/lich/yes/yes4.mp3'),
(1326, 39, 4, 'yes5', '', '/sounds/undeads/actions/lich/yes/yes5.mp3'),
(1327, 46, 5, 'attack1', '', '/sounds/undeads/actions/necromancer/attack/attack1.mp3'),
(1328, 46, 5, 'attack2', '', '/sounds/undeads/actions/necromancer/attack/attack2.mp3'),
(1329, 39, 4, 'yes1', '', '/sounds/undeads/actions/lich/yes/yes1.mp3'),
(1330, 46, 5, 'attack3', '', '/sounds/undeads/actions/necromancer/attack/attack3.mp3'),
(1331, 46, 7, 'death1', 'Mort', '/sounds/undeads/actions/necromancer/death/death1.mp3'),
(1332, 46, 6, 'fun2', '', '/sounds/undeads/actions/necromancer/fun/fun2.mp3'),
(1333, 46, 6, 'fun3', '', '/sounds/undeads/actions/necromancer/fun/fun3.mp3'),
(1334, 39, 4, 'yes3', '', '/sounds/undeads/actions/lich/yes/yes3.mp3'),
(1335, 46, 6, 'fun4', '', '/sounds/undeads/actions/necromancer/fun/fun4.mp3'),
(1336, 46, 1, 'ready1', '', '/sounds/undeads/actions/necromancer/ready/ready1.mp3'),
(1337, 46, 2, 'warcry1', '', '/sounds/undeads/actions/necromancer/warcry/warcry1.mp3'),
(1338, 46, 6, 'fun1', '', '/sounds/undeads/actions/necromancer/fun/fun1.mp3'),
(1339, 46, 3, 'what1', '', '/sounds/undeads/actions/necromancer/what/what1.mp3'),
(1340, 46, 3, 'what2', '', '/sounds/undeads/actions/necromancer/what/what2.mp3'),
(1341, 46, 3, 'what4', '', '/sounds/undeads/actions/necromancer/what/what4.mp3'),
(1342, 46, 6, 'fun5', '', '/sounds/undeads/actions/necromancer/fun/fun5.mp3'),
(1343, 46, 3, 'what3', '', '/sounds/undeads/actions/necromancer/what/what3.mp3'),
(1344, 46, 4, 'yes3', '', '/sounds/undeads/actions/necromancer/yes/yes3.mp3'),
(1345, 46, 4, 'yes1', '', '/sounds/undeads/actions/necromancer/yes/yes1.mp3'),
(1346, 46, 4, 'yes4', '', '/sounds/undeads/actions/necromancer/yes/yes4.mp3'),
(1347, 48, 5, 'attack1', '', '/sounds/undeads/actions/shade/attack/attack1.mp3'),
(1348, 48, 5, 'attack2', '', '/sounds/undeads/actions/shade/attack/attack2.mp3'),
(1349, 46, 4, 'yes2', '', '/sounds/undeads/actions/necromancer/yes/yes2.mp3'),
(1350, 48, 5, 'attack4', '', '/sounds/undeads/actions/shade/attack/attack4.mp3'),
(1351, 48, 7, 'death1', 'Mort', '/sounds/undeads/actions/shade/death/death1.mp3'),
(1352, 48, 5, 'attack5', '', '/sounds/undeads/actions/shade/attack/attack5.mp3'),
(1353, 48, 5, 'attack3', '', '/sounds/undeads/actions/shade/attack/attack3.mp3'),
(1354, 48, 6, 'fun2', '', '/sounds/undeads/actions/shade/fun/fun2.mp3'),
(1355, 48, 6, 'fun4', '', '/sounds/undeads/actions/shade/fun/fun4.mp3'),
(1356, 48, 6, 'fun1', '', '/sounds/undeads/actions/shade/fun/fun1.mp3'),
(1357, 48, 6, 'fun5', '', '/sounds/undeads/actions/shade/fun/fun5.mp3'),
(1358, 48, 1, 'ready1', '', '/sounds/undeads/actions/shade/ready/ready1.mp3'),
(1359, 48, 6, 'fun3', '', '/sounds/undeads/actions/shade/fun/fun3.mp3'),
(1360, 48, 2, 'warcry1', '', '/sounds/undeads/actions/shade/warcry/warcry1.mp3'),
(1361, 48, 3, 'what1', '', '/sounds/undeads/actions/shade/what/what1.mp3'),
(1362, 48, 3, 'what2', '', '/sounds/undeads/actions/shade/what/what2.mp3'),
(1363, 48, 3, 'what3', '', '/sounds/undeads/actions/shade/what/what3.mp3'),
(1364, 48, 4, 'yes1', '', '/sounds/undeads/actions/shade/yes/yes1.mp3'),
(1365, 48, 4, 'yes2', '', '/sounds/undeads/actions/shade/yes/yes2.mp3'),
(1366, 48, 4, 'yes4', '', '/sounds/undeads/actions/shade/yes/yes4.mp3'),
(1367, 48, 4, 'yes3', '', '/sounds/undeads/actions/shade/yes/yes3.mp3'),
(1368, 85, 5, 'attack1', '', '/sounds/undeads/actions/tichondrius/attack/attack1.mp3'),
(1369, 85, 5, 'attack2', '', '/sounds/undeads/actions/tichondrius/attack/attack2.mp3'),
(1370, 48, 6, 'fun6', '', '/sounds/undeads/actions/shade/fun/fun6.mp3'),
(1371, 85, 6, 'fun1', '', '/sounds/undeads/actions/tichondrius/fun/fun1.mp3'),
(1372, 85, 5, 'attack3', '', '/sounds/undeads/actions/tichondrius/attack/attack3.mp3'),
(1373, 85, 6, 'fun2', '', '/sounds/undeads/actions/tichondrius/fun/fun2.mp3'),
(1374, 85, 6, 'fun5', '', '/sounds/undeads/actions/tichondrius/fun/fun5.mp3'),
(1375, 85, 6, 'fun4', '', '/sounds/undeads/actions/tichondrius/fun/fun4.mp3'),
(1376, 85, 2, 'warcry1', '', '/sounds/undeads/actions/tichondrius/warcry/warcry1.mp3'),
(1377, 85, 3, 'what1', '', '/sounds/undeads/actions/tichondrius/what/what1.mp3'),
(1378, 85, 6, 'fun3', '', '/sounds/undeads/actions/tichondrius/fun/fun3.mp3'),
(1379, 85, 3, 'what2', '', '/sounds/undeads/actions/tichondrius/what/what2.mp3'),
(1380, 85, 3, 'what4', '', '/sounds/undeads/actions/tichondrius/what/what4.mp3'),
(1381, 85, 4, 'yes1', '', '/sounds/undeads/actions/tichondrius/yes/yes1.mp3'),
(1382, 85, 3, 'what3', '', '/sounds/undeads/actions/tichondrius/what/what3.mp3'),
(1383, 85, 4, 'yes2', '', '/sounds/undeads/actions/tichondrius/yes/yes2.mp3'),
(1384, 85, 4, 'yes3', '', '/sounds/undeads/actions/tichondrius/yes/yes3.mp3'),
(1385, 85, 4, 'yes4', '', '/sounds/undeads/actions/tichondrius/yes/yes4.mp3');
