
-- races

CREATE TABLE races (
	id INTEGER PRIMARY KEY AUTOINCREMENT,
	code VARCHAR(20) NOT NULL,
	name VARCHAR(25) NOT NULL,
	UNIQUE (code)
);

INSERT INTO races (id, code, name) VALUES
(1, 'humans', 'Humains'),
(2, 'nightelfs', 'Elfes de la nuit'),
(3, 'orcs', 'Orcs'),
(4, 'undeads', 'Morts vivants'),
(5, 'neutrals', 'Neutres');

-- actions_types

CREATE TABLE actions_types (
  id INTEGER PRIMARY KEY AUTOINCREMENT,
  code VARCHAR(20) NOT NULL,
  name VARCHAR(25) NOT NULL,
  UNIQUE (code)
);

INSERT INTO actions_types (id, code, name) VALUES
(1, 'ready', 'Prêt !'),
(2, 'warcry', 'Cri de guerre'),
(3, 'what', 'What ?'),
(4, 'yes', 'Oui ?'),
(5, 'attack', 'Attaque'),
(6, 'fun', 'Fun'),
(7, 'death', 'Mort');

-- warnings_types

CREATE TABLE warnings_types (
  id INTEGER PRIMARY KEY AUTOINCREMENT,
  code VARCHAR(20) NOT NULL,
  name VARCHAR(25) NOT NULL,
  UNIQUE (code)
);

INSERT INTO warnings_types (id, code, name) VALUES
(1, 'cannotbuildthere', 'cannotbuildthere'),
(2, 'goldminelow', 'goldminelow'),
(3, 'goldminecollapsed', 'goldminecollapsed'),
(4, 'nofood', 'nofood'),
(5, 'noenergy', 'noenergy'),
(6, 'nogold', 'nogold'),
(7, 'nolumber', 'nolumber'),
(8, 'inventoryfull', 'inventoryfull'),
(9, 'townattack', 'townattack'),
(10, 'unitattack', 'unitattack'),
(11, 'herodies', 'herodies'),
(12, 'allytownattack', 'allytownattack'),
(13, 'allyattack', 'allyattack'),
(14, 'allyherodies', 'allyherodies'),
(15, 'buildingcomplete', 'buildingcomplete'),
(16, 'upgradecomplete', 'upgradecomplete'),
(17, 'researchcomplete', 'researchcomplete'),
(18, 'placedoffblight', 'placedoffblight'),
(19, 'mining', 'mining');

-- musics

CREATE TABLE musics (
  id INTEGER PRIMARY KEY AUTOINCREMENT,
  k_race INTEGER NOT NULL,
  code varchar(20) NOT NULL,
  name varchar(25) NOT NULL,
  file varchar(50) NOT NULL,
  UNIQUE (k_race, code),
  FOREIGN KEY (k_race) REFERENCES races (id) ON DELETE CASCADE ON UPDATE CASCADE
);

INSERT INTO musics (k_race, code, name, file) VALUES

(1, 'theme1', 'Thème 1', 'humans_musics_theme1.mp3'),
(1, 'theme2', 'Thème 2', 'humans_musics_theme2.mp3'),
(1, 'theme3', 'Thème 3', 'humans_musics_theme3.mp3'),
(1, 'defeat', 'Défaite', 'humans_musics_defeat.mp3'),
(1, 'victory', 'Victoire', 'humans_musics_victory.mp3'),

(2, 'theme1', 'Thème 1', 'nightelfs_musics_theme1.mp3'),
(2, 'theme2', 'Thème 2', 'nightelfs_musics_theme2.mp3'),
(2, 'theme3', 'Thème 3', 'nightelfs_musics_theme3.mp3'),
(2, 'defeat', 'Défaite', 'nightelfs_musics_defeat.mp3'),
(2, 'victory', 'Victoire', 'nightelfs_musics_victory.mp3'),

(3, 'theme1', 'Thème 1', 'orcs_musics_theme1.mp3'),
(3, 'theme2', 'Thème 2', 'orcs_musics_theme2.mp3'),
(3, 'theme3', 'Thème 3', 'orcs_musics_theme3.mp3'),
(3, 'defeat', 'Défaite', 'orcs_musics_defeat.mp3'),
(3, 'victory', 'Victoire', 'orcs_musics_victory.mp3'),

(4, 'theme1', 'Thème 1', 'undeads_musics_theme1.mp3'),
(4, 'theme2', 'Thème 2', 'undeads_musics_theme2.mp3'),
(4, 'theme3', 'Thème 3', 'undeads_musics_theme3.mp3'),
(4, 'defeat', 'Défaite', 'undeads_musics_defeat.mp3'),
(4, 'victory', 'Victoire', 'undeads_musics_victory.mp3');

-- warnings

CREATE TABLE warnings (
  id INTEGER PRIMARY KEY AUTOINCREMENT,
  k_race INTEGER NOT NULL,
  k_warning_type INTEGER NOT NULL,
  code varchar(20) NOT NULL,
  name varchar(25) NOT NULL,
  file varchar(50) NOT NULL,
  UNIQUE (k_race, code),
  FOREIGN KEY (k_race) REFERENCES races (id) ON DELETE CASCADE ON UPDATE CASCADE,
  FOREIGN KEY (k_warning_type) REFERENCES warnings_types (id) ON DELETE CASCADE ON UPDATE CASCADE
);

INSERT INTO warnings (k_race, k_warning_type, code, name, file) VALUES

(1, 1, 'cannotbuildthere', 'cannotbuildthere', 'humans_warnings_cannotbuildthere.mp3'),
(1, 2, 'goldminelow', 'goldminelow', 'humans_warnings_goldminelow.mp3'),
(1, 3, 'goldminecollapsed', 'goldminecollapsed', 'humans_warnings_goldminecollapsed.mp3'),
(1, 4, 'nofood', 'nofood', 'humans_warnings_nofood.mp3'),
(1, 5, 'noenergy', 'noenergy', 'humans_warnings_noenergy.mp3'),
(1, 6, 'nogold', 'nogold', 'humans_warnings_nogold.mp3'),
(1, 7, 'nolumber', 'nolumber', 'humans_warnings_nolumber.mp3'),
(1, 8, 'inventoryfull', 'inventoryfull', 'humans_warnings_inventoryfull.mp3'),
(1, 9, 'townattack', 'townattack', 'humans_warnings_townattack.mp3'),
(1, 10, 'unitattack', 'unitattack', 'humans_warnings_unitattack.mp3'),
(1, 11, 'herodies', 'herodies', 'humans_warnings_herodies.mp3'),
(1, 12, 'allytownattack', 'allytownattack', 'humans_warnings_allytownattack.mp3'),
(1, 13, 'allyattack', 'Notre allié est attaqué !', 'humans_warnings_allyattack.mp3'),
(1, 14, 'allyherodies', 'allyherodies', 'humans_warnings_allyherodies.mp3'),
(1, 15, 'buildingcomplete', 'buildingcomplete', 'humans_warnings_buildingcomplete.mp3'),
(1, 16, 'upgradecomplete', 'upgradecomplete', 'humans_warnings_upgradecomplete.mp3'),
(1, 17, 'researchcomplete', 'researchcomplete', 'humans_warnings_researchcomplete.mp3'),

(2, 1, 'cannotbuildthere', 'Impossible de construire ici.', 'nightelfs_warnings_cannotbuildthere.mp3'),
(2, 2, 'goldminelow', 'goldminelow', 'nightelfs_warnings_goldminelow.mp3'),
(2, 3, 'goldminecollapsed', 'goldminecollapsed', 'nightelfs_warnings_goldminecollapsed.mp3'),
(2, 4, 'nofood', 'nofood', 'nightelfs_warnings_nofood.mp3'),
(2, 5, 'noenergy', 'noenergy', 'nightelfs_warnings_noenergy.mp3'),
(2, 6, 'nogold', 'nogold', 'nightelfs_warnings_nogold.mp3'),
(2, 7, 'nolumber', 'nolumber', 'nightelfs_warnings_nolumber.mp3'),
(2, 8, 'inventoryfull', 'inventoryfull', 'nightelfs_warnings_inventoryfull.mp3'),
(2, 9, 'townattack', 'townattack', 'nightelfs_warnings_townattack.mp3'),
(2, 10, 'unitattack', 'unitattack', 'nightelfs_warnings_unitattack.mp3'),
(2, 11, 'herodies', 'herodies', 'nightelfs_warnings_herodies.mp3'),
(2, 12, 'allytownattack', 'La ville de notre allié a besoin de nous !', 'nightelfs_warnings_allytownattack.mp3'),
(2, 13, 'allyattack', 'Nous devons aider nos alliés !', 'nightelfs_warnings_allyattack.mp3'),
(2, 14, 'allyherodies', 'Un champion allié est tombé !', 'nightelfs_warnings_allyherodies.mp3'),
(2, 15, 'buildingcomplete', 'Bâtiment construit.', 'nightelfs_warnings_buildingcomplete.mp3'),
(2, 16, 'upgradecomplete', 'upgradecomplete', 'nightelfs_warnings_upgradecomplete.mp3'),
(2, 17, 'researchcomplete', 'researchcomplete', 'nightelfs_warnings_researchcomplete.mp3'),

(3, 1, 'cannotbuildthere', 'cannotbuildthere', 'orcs_warnings_cannotbuildthere.mp3'),
(3, 2, 'goldminelow', 'goldminelow', 'orcs_warnings_goldminelow.mp3'),
(3, 3, 'goldminecollapsed', 'goldminecollapsed', 'orcs_warnings_goldminecollapsed.mp3'),
(3, 4, 'nofood', 'nofood', 'orcs_warnings_nofood.mp3'),
(3, 5, 'noenergy', 'noenergy', 'orcs_warnings_noenergy.mp3'),
(3, 6, 'nogold', 'nogold', 'orcs_warnings_nogold.mp3'),
(3, 7, 'nolumber', 'nolumber', 'orcs_warnings_nolumber.mp3'),
(3, 8, 'inventoryfull', 'inventoryfull', 'orcs_warnings_inventoryfull.mp3'),
(3, 9, 'townattack', 'townattack', 'orcs_warnings_townattack.mp3'),
(3, 10, 'unitattack', 'unitattack', 'orcs_warnings_unitattack.mp3'),
(3, 11, 'herodies', 'herodies', 'orcs_warnings_herodies.mp3'),
(3, 12, 'allytownattack', 'allytownattack', 'orcs_warnings_allytownattack.mp3'),
(3, 13, 'allyattack', 'allyattack', 'orcs_warnings_allyattack.mp3'),
(3, 14, 'allyherodies', 'allyherodies', 'orcs_warnings_allyherodies.mp3'),
(3, 15, 'buildingcomplete', 'buildingcomplete', 'orcs_warnings_buildingcomplete.mp3'),
(3, 16, 'upgradecomplete', 'upgradecomplete', 'orcs_warnings_upgradecomplete.mp3'),
(3, 17, 'researchcomplete', 'researchcomplete', 'orcs_warnings_researchcomplete.mp3'),

(4, 1, 'cannotbuildthere', 'cannotbuildthere', 'undeads_warnings_cannotbuildthere.mp3'),
(4, 2, 'goldminelow', 'goldminelow', 'undeads_warnings_goldminelow.mp3'),
(4, 3, 'goldminecollapsed', 'goldminecollapsed', 'undeads_warnings_goldminecollapsed.mp3'),
(4, 4, 'nofood', 'nofood', 'undeads_warnings_nofood.mp3'),
(4, 5, 'noenergy', 'noenergy', 'undeads_warnings_noenergy.mp3'),
(4, 6, 'nogold', 'nogold', 'undeads_warnings_nogold.mp3'),
(4, 7, 'nolumber', 'nolumber', 'undeads_warnings_nolumber.mp3'),
(4, 8, 'inventoryfull', 'inventoryfull', 'undeads_warnings_inventoryfull.mp3'),
(4, 9, 'townattack', 'townattack', 'undeads_warnings_townattack.mp3'),
(4, 10, 'unitattack', 'unitattack', 'undeads_warnings_unitattack.mp3'),
(4, 11, 'herodies', 'herodies', 'undeads_warnings_herodies.mp3'),
(4, 12, 'allytownattack', 'allytownattack', 'undeads_warnings_allytownattack.mp3'),
(4, 13, 'allyattack', 'allyattack', 'undeads_warnings_allyattack.mp3'),
(4, 14, 'allyherodies', 'allyherodies', 'undeads_warnings_allyherodies.mp3'),
(4, 15, 'buildingcomplete', 'buildingcomplete', 'undeads_warnings_buildingcomplete.mp3'),
(4, 16, 'upgradecomplete', 'upgradecomplete', 'undeads_warnings_upgradecomplete.mp3'),
(4, 17, 'researchcomplete', 'researchcomplete', 'undeads_warnings_researchcomplete.mp3'),
(4, 18, 'placedoffblight', 'placedoffblight', 'undeads_warnings_placedoffblight.mp3'),
(4, 19, 'mining', 'mining', 'undeads_warnings_mining.mp3'),

(5, 1, 'cannotbuildthere', 'cannotbuildthere', 'neutrals_warnings_cannotbuildthere.mp3'),
(5, 2, 'goldminelow', 'goldminelow', 'neutrals_warnings_goldminelow.mp3'),
(5, 3, 'goldminecollapsed', 'goldminecollapsed', 'neutrals_warnings_goldminecollapsed.mp3'),
(5, 4, 'nofood', 'nofood', 'neutrals_warnings_nofood.mp3'),
(5, 5, 'noenergy', 'noenergy', 'neutrals_warnings_noenergy.mp3'),
(5, 6, 'nogold', 'nogold', 'neutrals_warnings_nogold.mp3'),
(5, 7, 'nolumber', 'nolumber', 'neutrals_warnings_nolumber.mp3'),
(5, 8, 'inventoryfull', 'inventoryfull', 'neutrals_warnings_inventoryfull.mp3'),
(5, 9, 'townattack', 'townattack', 'neutrals_warnings_townattack.mp3'),
(5, 10, 'unitattack', 'unitattack', 'neutrals_warnings_unitattack.mp3'),
(5, 11, 'herodies', 'herodies', 'neutrals_warnings_herodies.mp3'),
(5, 12, 'allytownattack', 'allytownattack', 'neutrals_warnings_allytownattack.mp3'),
(5, 13, 'allyattack', 'allyattack', 'neutrals_warnings_allyattack.mp3'),
(5, 14, 'allyherodies', 'allyherodies', 'neutrals_warnings_allyherodies.mp3'),
(5, 15, 'buildingcomplete', 'buildingcomplete', 'neutrals_warnings_buildingcomplete.mp3'),
(5, 16, 'upgradecomplete', 'upgradecomplete', 'neutrals_warnings_upgradecomplete.mp3'),
(5, 17, 'researchcomplete', 'researchcomplete', 'neutrals_warnings_researchcomplete.mp3');

-- characters

CREATE TABLE characters (
  id INTEGER PRIMARY KEY AUTOINCREMENT,
  k_race INTEGER NOT NULL,
  code varchar(20) NOT NULL,
  name varchar(25) NOT NULL,
  tft tinyint(1) NOT NULL DEFAULT 0,
  UNIQUE (k_race, code),
  FOREIGN KEY (k_race) REFERENCES races (id) ON DELETE CASCADE ON UPDATE CASCADE
);

INSERT INTO characters (id, k_race, code, name, tft) VALUES
(1, 1, 'paladin', 'Paladin', 0),
(2, 1, 'mountainking', 'Roi de la montagne', 0),
(3, 1, 'archmage', 'Archimage', 0),
(4, 1, 'bloodelfmage', 'Mage elfe de sang', 1),
(5, 1, 'peasant', 'Paysan', 0),
(6, 1, 'footman', 'Soldat', 0),
(7, 1, 'rifleman', 'Fusiller', 0),
(8, 1, 'knight', 'Chevalier', 0),
(9, 1, 'gyrocopter', 'Gyrocoptère', 0),
(10, 1, 'gryphonrider', 'Chevaucheur de gryphon', 0),
(11, 1, 'priest', 'Prêtre', 0),
(12, 1, 'sorceress', 'Sorcière', 0),
(13, 1, 'spellbreaker', 'spellbreaker', 1),
(14, 1, 'hawkrider', 'hawkrider', 1),
(59, 1, 'jaina', 'Jaina', 0),
(60, 1, 'mortarteam', 'Mortier', 0),
(61, 1, 'muradin', 'Muradin', 0),
(62, 1, 'uther', 'Uther', 0),
(63, 1, 'windserpent', 'windserpent', 0),
(64, 1, 'villager', 'Villageois', 0),
(65, 1, 'captain', 'Capitaine', 0),

(28, 2, 'demonhunter', 'Chasseur de démons', 0),
(29, 2, 'keeperofthegrove', 'keeperofthegrove', 0),
(30, 2, 'moonpriestess', 'Prêtresse de la lune', 0),
(31, 2, 'warden', 'warden', 1),
(32, 2, 'archer', 'Archer', 0),
(33, 2, 'huntress', 'Chasseresse', 0),
(34, 2, 'dryad', 'Dryade', 0),
(35, 2, 'druidoftheclaw', 'druidoftheclaw', 0),
(36, 2, 'druidofthetalon', 'druidofthetalon', 0),
(37, 2, 'hippogryphrider', 'Chevaucheur d''hippogryphe', 0),
(73, 2, 'furion', 'Furion', 0),
(74, 2, 'illidan', 'Illidan', 0),
(75, 2, 'illidanmorphed', 'Illidan transformé', 0),
(76, 2, 'shandris', 'Shandris', 0),
(77, 2, 'sylvanas', 'Sylvanas', 0),
(78, 2, 'tyrande', 'Tyrande', 0),

(15, 3, 'blademaster', 'blademaster', 0),
(16, 3, 'farseer', 'farseer', 0),
(17, 3, 'taurenchieftain', 'taurenchieftain', 0),
(18, 3, 'shadowhunter', 'shadowhunter', 1),
(19, 3, 'peon', 'peon', 0),
(20, 3, 'grunt', 'grunt', 0),
(21, 3, 'headhunter', 'headhunter', 0),
(22, 3, 'wolfrider', 'wolfrider', 0),
(23, 3, 'wyvernrider', 'wyvernrider', 0),
(24, 3, 'tauren', 'tauren', 0),
(25, 3, 'shaman', 'shaman', 0),
(26, 3, 'witchdoctor', 'witchdoctor', 0),
(27, 3, 'spiritwalker', 'spiritwalker', 1),
(79, 3, 'cairne', 'Cairne', 0),
(80, 3, 'grom', 'Grom', 0),
(81, 3, 'thrall', 'Thrall', 0),
(82, 3, 'warlord', 'Warlord', 0),

(38, 4, 'deathknight', 'Chevalier de la mort', 0),
(39, 4, 'lich', 'Liche', 0),
(40, 4, 'dreadlord', 'dreadlord', 0),
(41, 4, 'cryptlord', 'cryptlord', 1),
(42, 4, 'acolyte', 'Acolyte', 0),
(43, 4, 'ghoul', 'Goule', 0),
(44, 4, 'cryptfiend', 'cryptfiend', 0),
(45, 4, 'abomination', 'Abomination', 0),
(46, 4, 'necromancer', 'Nécromancien', 0),
(47, 4, 'banshee', 'Banshee', 0),
(48, 4, 'shade', 'Ombre', 0),
(57, 4, 'arthas', 'Arthas', 0),
(83, 4, 'kelthuzad', 'Kelthuzad', 0),
(85, 4, 'tichondrius', 'Tichondrius', 0),

(49, 5, 'alchemist', 'alchemist', 1),
(50, 5, 'ladyvash', 'ladyvash', 1),
(51, 5, 'tinker', 'tinker', 1),
(52, 5, 'beastmaster', 'beastmaster', 1),
(53, 5, 'pandaren', 'pandaren', 1),
(54, 5, 'darkranger', 'darkranger', 1),
(55, 5, 'pitlord', 'pitlord', 0),
(56, 5, 'firelord', 'firelord', 1),

(58, 5, 'bandit', 'Bandit', 0),
(66, 5, 'foresttroll', 'foresttroll', 0),
(67, 5, 'goblinmerchant', 'goblinmerchant', 0),
(68, 5, 'goblinsapper', 'goblinsapper', 0),
(69, 5, 'goblinzeppelin', 'goblinzeppelin', 0),
(70, 5, 'icetroll', 'icetroll', 0),
(71, 5, 'ogre', 'ogre', 0),
(72, 5, 'satyre', 'satyre', 0);

-- actions

CREATE TABLE actions (
  id INTEGER PRIMARY KEY AUTOINCREMENT,
  k_character INTEGER NOT NULL,
  k_action_type INTEGER NOT NULL,
  code varchar(20) NOT NULL,
  name varchar(25) NOT NULL,
  file varchar(50) NOT NULL,
  FOREIGN KEY (k_character) REFERENCES characters (id) ON DELETE CASCADE ON UPDATE CASCADE,
  FOREIGN KEY (k_action_type) REFERENCES actions_types (id) ON DELETE CASCADE ON UPDATE CASCADE
);

INSERT INTO actions (k_character, k_action_type, code, name, file) VALUES

(2, 1, 'ready1', 'Prêt !', 'HeroMountainKingReady1.wav'),
(2, 2, 'warcry1', 'Pour Khaz Modan !', 'HeroMountainKingWarcry1.wav'),
(2, 2, 'warcry2', 'Pour Khaz Modan !', 'humans_actions_mountainking_warcry_warcry2.mp3'),
(2, 3, 'what1', 'Oui ?', 'HeroMountainKingWhat1.wav'),
(2, 3, 'what2', 'Vivement un peu d''action', 'HeroMountainKingWhat2.wav'),
(2, 3, 'what3', 'J''attend les ordres !', 'HeroMountainKingWhat3.wav'),
(2, 3, 'what4', 'Mmm ?', 'HeroMountainKingWhat4.wav'),
(2, 4, 'yes1', 'Très bien !', 'HeroMountainKingYes1.wav'),
(2, 4, 'yes2', 'C''est parti !', 'HeroMountainKingYes2.wav'),
(2, 4, 'yes3', 'En route !', 'HeroMountainKingYes3.wav'),
(2, 4, 'yes4', 'Laissez-moi passer !', 'HeroMountainKingYes4.wav'),
(2, 5, 'attack1', 'Aux armes !', 'HeroMountainKingYesAttack1.wav'),
(2, 5, 'attack2', 'Ca va faire mal', 'HeroMountainKingYesAttack2.wav'),
(2, 5, 'attack3', 'Tranche, taille et cours !', 'HeroMountainKingYesAttack3.wav'),
(2, 5, 'attack4', 'A l''assaut !', 'HeroMountainKingYesAttack4.wav'),
(2, 6, 'fun1', 'Un pastis, sinon rien', 'HeroMountainKingPissed1.wav'),
(2, 6, 'fun2', 'Tavernier, à boire et à manger', 'HeroMountainKingPissed2.wav'),
(2, 6, 'fun3', 'Qui est gros ?', 'HeroMountainKingPissed3.wav'),
(2, 6, 'fun4', 'Petit mais costaud !', 'HeroMountainKingPissed4.wav'),
(2, 6, 'fun5', 'On pourrait pas en discuter autour d''une chopine ?', 'HeroMountainKingPissed5.wav'),
(2, 6, 'fun6', 'Un tonneau d''hydromel, ça use le gosier', 'HeroMountainKingPissed6.wav'),
(2, 6, 'fun7', 'Du rhum, des femmes, et d''la bière nom de Dieu !', 'HeroMountainKingPissed7.wav'),
(2, 7, 'death1', 'Mort', 'HeroMountainKingDeath.wav'),

(3, 1, 'ready1', 'J''espère pour vous que ça en vaut la peine', 'humans_actions_archmage_ready_ready1.mp3'),
(3, 2, 'warcry1', 'Pour la gloire', 'humans_actions_archmage_warcry_warcry1.mp3'),
(3, 3, 'what1', 'Ainsi vous réclamez mon aide', 'humans_actions_archmage_what_what1.mp3'),
(3, 3, 'what2', 'Qui a-t-il, encore ?', 'humans_actions_archmage_what_what2.mp3'),
(3, 3, 'what3', 'Je vous écoute', 'humans_actions_archmage_what_what3.mp3'),
(3, 3, 'what4', 'Alors ?', 'humans_actions_archmage_what_what4.mp3'),
(3, 4, 'yes1', 'J''ai hâte d''y être', 'humans_actions_archmage_yes_yes1.mp3'),
(3, 4, 'yes2', 'Parfait !', 'humans_actions_archmage_yes_yes2.mp3'),
(3, 4, 'yes3', 'Puisqu''il le faut', 'humans_actions_archmage_yes_yes3.mp3'),
(3, 4, 'yes4', 'Fort bien', 'humans_actions_archmage_yes_yes4.mp3'),
(3, 5, 'attack1', 'J''engage le combat', 'humans_actions_archmage_attack_attack1.mp3'),
(3, 5, 'attack2', 'Pour la gloire', 'humans_actions_archmage_attack_attack2.mp3'),
(3, 5, 'attack3', 'Nim flori...', 'humans_actions_archmage_attack_attack3.mp3'),
(3, 6, 'fun1', 'La seule chance qu''on a de gagner la guerre, c''est qu''en face ils soient aussi cons qu''ici.', 'humans_actions_archmage_fun_fun1.mp3'),
(3, 6, 'fun2', 'Vous avez lu Clausewitz ?', 'humans_actions_archmage_fun_fun2.mp3'),
(3, 6, 'fun3', 'Et Sun-Tzu vous l''avez lu ?', 'humans_actions_archmage_fun_fun3.mp3'),
(3, 6, 'fun4', 'Magie, magie, et vos idées n''ont pas de génie', 'humans_actions_archmage_fun_fun4.mp3'),
(3, 7, 'death1', 'Mort', 'humans_actions_archmage_death_death1.mp3'),

(6, 1, 'ready1', 'Prêt à l''action', 'humans_actions_footman_ready_ready1.mp3'),
(6, 2, 'warcry1', 'Pour Lordaeron !', 'humans_actions_footman_warcry_warcry1.mp3'),
(6, 3, 'what1', 'Quels sont les ordres ?', 'humans_actions_footman_what_what1.mp3'),
(6, 3, 'what2', 'Que voulez-vous ?', 'humans_actions_footman_what_what2.mp3'),
(6, 3, 'what3', 'Oui monseigneur ?', 'humans_actions_footman_what_what3.mp3'),
(6, 3, 'what4', 'Donnez vos ordres !', 'humans_actions_footman_what_what4.mp3'),
(6, 4, 'yes1', 'Compris, monseigneur', 'humans_actions_footman_yes_yes1.mp3'),
(6, 4, 'yes3', 'A vos ordres !', 'humans_actions_footman_yes_yes3.mp3'),
(6, 4, 'yes2', 'J''y vais !', 'humans_actions_footman_yes_yes2.mp3'),
(6, 4, 'yes4', 'Certainement !', 'humans_actions_footman_yes_yes4.mp3'),
(6, 5, 'attack1', 'Laissez-les moi !', 'humans_actions_footman_attack_attack1.mp3'),
(6, 5, 'attack2', 'A l''attaque !', 'humans_actions_footman_attack_attack2.mp3'),
(6, 5, 'attack3', 'Aux armes !', 'humans_actions_footman_attack_attack3.mp3'),
(6, 6, 'fun1', 'Sortez couverts !', 'humans_actions_footman_fun_fun1.mp3'),
(6, 6, 'fun2', 'Avant l''heure c''est pas l''heure, après l''heure c''est plus l''heure.', 'humans_actions_footman_fun_fun2.mp3'),
(6, 6, 'fun3', 'Engagez-vous, rengagez-vous, qu''il disait Lothar.', 'humans_actions_footman_fun_fun3.mp3'),
(6, 6, 'fun4', 'Ce n''est qu''une égratignure', 'humans_actions_footman_fun_fun4.mp3'),
(6, 7, 'death1', 'Mort', 'humans_actions_footman_death_death1.mp3'),

(8, 1, 'ready1', 'J''attend vos ordres', 'humans_actions_knight_ready_ready1.mp3'),
(8, 2, 'warcry1', 'Pour l''honneur, et la liberté !', 'humans_actions_knight_warcry_warcry1.mp3'),
(8, 3, 'what1', 'Sir ?', 'humans_actions_knight_what_what1.mp3'),
(8, 3, 'what2', 'Votre honneur ?', 'humans_actions_knight_what_what2.mp3'),
(8, 3, 'what3', 'Quels sont vos ordres ?', 'humans_actions_knight_what_what3.mp3'),
(8, 3, 'what4', 'Oui, monseigneur ?', 'humans_actions_knight_what_what4.mp3'),
(8, 4, 'yes1', 'Sur le champ !', 'humans_actions_knight_yes_yes1.mp3'),
(8, 4, 'yes2', 'Pour le roi !', 'humans_actions_knight_yes_yes2.mp3'),
(8, 4, 'yes3', 'Certainement', 'humans_actions_knight_yes_yes3.mp3'),
(8, 4, 'yes4', 'Je m''en charge', 'humans_actions_knight_yes_yes4.mp3'),
(8, 4, 'yes5', 'Pour le Roi Liche', 'humans_actions_knight_yes_yes5.mp3'),
(8, 5, 'attack1', 'Pour le roi !', 'humans_actions_knight_attack_attack1.mp3'),
(8, 5, 'attack2', 'Je vais le pourfendre !', 'humans_actions_knight_attack_attack2.mp3'),
(8, 5, 'attack3', 'Jusqu''à la mort !', 'humans_actions_knight_attack_attack3.mp3'),
(8, 6, 'fun1', 'Je suis l''homme qui tombe à pic', 'humans_actions_knight_fun_fun1.mp3'),
(8, 6, 'fun2', 'Par le pouvoir du crâne ancestral !', 'humans_actions_knight_fun_fun2.mp3'),
(8, 6, 'fun3', 'Ils sont fous, ces romains', 'humans_actions_knight_fun_fun3.mp3'),
(8, 6, 'fun4', 'Les chaussettes de l''archiduchesse, sont-elles sêches, archi-sêches ?', 'humans_actions_knight_fun_fun4.mp3'),
(8, 6, 'fun5', 'Je n''ai pas dit "ni"', 'humans_actions_knight_fun_fun5.mp3'),
(8, 6, 'fun6', 'Un chasseur sachant chasser sans son chien est un bon chasseur.', 'humans_actions_knight_fun_fun6.mp3'),
(8, 7, 'death1', 'Mort', 'humans_actions_knight_death_death1.mp3'),

(10, 1, 'ready1', 'Je vis pour servir', 'humans_actions_gryphonrider_ready_ready1.mp3'),
(10, 2, 'warcry1', 'Pour Khaz Modan !', 'humans_actions_gryphonrider_warcry_warcry1.mp3'),
(10, 3, 'what1', 'Ma vie est entre vos mains', 'humans_actions_gryphonrider_what_what1.mp3'),
(10, 3, 'what2', 'Oui, chef ?', 'humans_actions_gryphonrider_what_what2.mp3'),
(10, 3, 'what3', 'Je suis votre nain', 'humans_actions_gryphonrider_what_what3.mp3'),
(10, 3, 'what4', 'La fin justifie les moyens', 'humans_actions_gryphonrider_what_what4.mp3'),
(10, 3, 'what5', '', 'humans_actions_gryphonrider_what_what5.mp3'),
(10, 4, 'yes1', 'Yep, comptez sur moi', 'humans_actions_gryphonrider_yes_yes1.mp3'),
(10, 4, 'yes2', 'C''est vous le patron !', 'humans_actions_gryphonrider_yes_yes2.mp3'),
(10, 4, 'yes3', 'Pas de problème !', 'humans_actions_gryphonrider_yes_yes3.mp3'),
(10, 4, 'yes4', 'Super', 'humans_actions_gryphonrider_yes_yes4.mp3'),
(10, 4, 'yes5', 'Vers les cieux !', 'humans_actions_gryphonrider_yes_yes5.mp3'),
(10, 5, 'attack1', 'La mort vient du ciel !', 'humans_actions_gryphonrider_attack_attack1.mp3'),
(10, 5, 'attack2', 'Vers la victoire !', 'humans_actions_gryphonrider_attack_attack2.mp3'),
(10, 5, 'attack3', 'Par la barbe de Muradin !', 'humans_actions_gryphonrider_attack_attack3.mp3'),
(10, 6, 'fun1', 'Boire ou conduire, il faut choisir', 'humans_actions_gryphonrider_fun_fun1.mp3'),
(10, 6, 'fun2', 'C''est pas la taille qui compte, c''est le tranchant', 'humans_actions_gryphonrider_fun_fun2.mp3'),
(10, 6, 'fun3', 'Un p''tit clou ?', 'humans_actions_gryphonrider_fun_fun3.mp3'),
(10, 6, 'fun4', 'Que la force soit avec toi, Luke.', 'humans_actions_gryphonrider_fun_fun4.mp3'),
(10, 6, 'fun5', 'Un cavalier, qui surgit hors de la nuit... Part, à l''aventure au galop...', 'humans_actions_gryphonrider_fun_fun5.mp3'),
(10, 7, 'death1', 'Mort', 'humans_actions_gryphonrider_death_death1.mp3'),

(65, 5, 'attack1', 'Bête immonde !', 'humans_actions_captain_attack_attack1.mp3'),
(65, 2, 'warcry1', 'Pour le roi Térénas !', 'humans_actions_captain_warcry_warcry1.mp3'),
(65, 3, 'what1', 'Je suis prêt.', 'humans_actions_captain_what_what1.mp3'),
(65, 3, 'what2', 'Que désirez-vous ?', 'humans_actions_captain_what_what2.mp3'),
(65, 3, 'what3', 'Comment puis-je vous servir ?', 'humans_actions_captain_what_what3.mp3'),
(65, 4, 'yes1', 'Je suis honoré.', 'humans_actions_captain_yes_yes1.mp3'),
(65, 4, 'yes2', 'Je ferai de mon mieux.', 'humans_actions_captain_yes_yes2.mp3'),
(65, 4, 'yes3', 'Pour Lordaeron !', 'humans_actions_captain_yes_yes3.mp3'),
(65, 6, 'fun1', 'J''aurai dû écouter mon père, et devenir paysan...', 'humans_actions_captain_fun_fun1.mp3'),
(65, 6, 'fun2', 'Danger permanent, solde de misère...', 'humans_actions_captain_fun_fun2.mp3'),
(65, 6, 'fun3', 'Pose tes galons, qu''on s''explique entre hommes !', 'humans_actions_captain_fun_fun3.mp3'),

(9, 1, 'ready1', 'Larguez les amarres', 'humans_actions_gyrocopter_ready_ready1.mp3'),
(9, 2, 'warcry1', 'Vers l''infini, et au-delà !', 'humans_actions_gyrocopter_warcry_warcry1.mp3'),
(9, 3, 'what1', 'Que puis-je pour vous ?', 'humans_actions_gyrocopter_what_what1.mp3'),
(9, 3, 'what2', 'Quel est le plan de vol ?', 'humans_actions_gyrocopter_what_what2.mp3'),
(9, 3, 'what3', 'Donnez-moi le cap', 'humans_actions_gyrocopter_what_what3.mp3'),
(9, 3, 'what4', 'Tous les systèmes, OK !', 'humans_actions_gyrocopter_what_what4.mp3'),
(9, 3, 'what5', 'Ah ! Encore vous ?', 'humans_actions_gyrocopter_what_what5.mp3'),
(9, 4, 'yes1', 'Roger', 'humans_actions_gyrocopter_yes_yes1.mp3'),
(9, 4, 'yes2', 'Cap enregistré', 'humans_actions_gyrocopter_yes_yes2.mp3'),
(9, 4, 'yes3', 'On approche du mur du son', 'humans_actions_gyrocopter_yes_yes3.mp3'),
(9, 4, 'yes4', 'Quoi, là-bas ?', 'humans_actions_gyrocopter_yes_yes4.mp3'),
(9, 4, 'yes5', 'Ils ne m''entendront pas venir !', 'humans_actions_gyrocopter_yes_yes5.mp3'),
(9, 5, 'attack1', 'Bombe, larguée', 'humans_actions_gyrocopter_attack_attack1.mp3'),
(9, 5, 'attack2', 'Cible verrouillée', 'humans_actions_gyrocopter_attack_attack2.mp3'),
(9, 5, 'attack3', 'J''attaque la cible !', 'humans_actions_gyrocopter_attack_attack3.mp3'),
(9, 5, 'attack4', 'Ça va faire mal !', 'humans_actions_gyrocopter_attack_attack4.mp3'),
(9, 6, 'fun1', 'Rogue Leader, au rapport', 'humans_actions_gyrocopter_fun_fun1.mp3'),
(9, 6, 'fun2', 'Restez en ligne', 'humans_actions_gyrocopter_fun_fun2.mp3'),
(9, 6, 'fun3', 'Je ne peux pas, ça bouge trop', 'humans_actions_gyrocopter_fun_fun3.mp3'),
(9, 6, 'fun4', 'Il est dans la ventilation', 'humans_actions_gyrocopter_fun_fun4.mp3'),
(9, 6, 'fun5', 'S''il peut saigner, on peut le tuer', 'humans_actions_gyrocopter_fun_fun5.mp3'),
(9, 6, 'fun6', 'Je parle d''une certaine spiritualité, elle est faite de oui, de non', 'humans_actions_gyrocopter_fun_fun6.mp3'),
(9, 6, 'fun7', 'Y''a-t-il un pilote dans l''avion ?', 'humans_actions_gyrocopter_fun_fun7.mp3'),
(9, 6, 'fun8', 'Ils ne sont pas à l''attention de savoir qu''ils existent', 'humans_actions_gyrocopter_fun_fun8.mp3'),
(9, 7, 'death1', 'Mort', 'humans_actions_gyrocopter_death_death1.mp3'),

(59, 2, 'warcry1', '', 'humans_actions_jaina_warcry_warcry1.mp3'),
(59, 3, 'what1', '', 'JainaWhat1.wav'),
(59, 3, 'what2', '', 'JainaWhat2.wav'),
(59, 3, 'what3', '', 'JainaWhat3.wav'),
(59, 3, 'what4', '', 'JainaWhat4.wav'),
(59, 5, 'attack1', '', 'JainaYesAttack1.wav'),
(59, 5, 'attack2', '', 'JainaYesAttack2.wav'),
(59, 6, 'fun1', '', 'JainaPissed1.wav'),
(59, 6, 'fun2', '', 'JainaPissed2.wav'),
(59, 6, 'fun3', '', 'JainaPissed3.wav'),
(59, 6, 'fun4', '', 'JainaPissed4.wav'),
(59, 6, 'fun5', '', 'JainaPissed5.wav'),
(59, 4, 'yes1', '', 'JainaYes1.wav'),
(59, 4, 'yes2', '', 'JainaYes2.wav'),
(59, 4, 'yes3', '', 'JainaYes3.wav'),
(59, 4, 'yes4', '', 'JainaYes4.wav'),
(59, 7, 'death1', '', 'humans_actions_jaina_death_death1.mp3');
